image_id,camera,product_id,raw_file_url,notes
538369,Panasonic Lumix DC-S1II,182451,https://www.dpreview.com/wp-content/uploads/image-compare/519596/538369/4716f65cdd6a47039fef9e8ae4c638a9.rw2,"dpreview 스튜디오씬 비교위젯 API (widget id 541497, product_id로 필터) - EVALUATION.md '공용 챠트 데이터베이스' 절 참고"
538372,Panasonic Lumix DC-S1II,182451,https://www.dpreview.com/wp-content/uploads/image-compare/519596/538372/d1f12161ea34445c87d449c666be7249.rw2,"dpreview 스튜디오씬 비교위젯 API (widget id 541497, product_id로 필터) - EVALUATION.md '공용 챠트 데이터베이스' 절 참고"
538375,Panasonic Lumix DC-S1II,182451,https://www.dpreview.com/wp-content/uploads/image-compare/519596/538375/b58e6dcfc02f46d1ae98b945a8025ec5.rw2,"dpreview 스튜디오씬 비교위젯 API (widget id 541497, product_id로 필터) - EVALUATION.md '공용 챠트 데이터베이스' 절 참고"
538377,Panasonic Lumix DC-S1II,182451,https://www.dpreview.com/wp-content/uploads/image-compare/519596/538377/a7a22f711b1c4e24947d73dcdeba41b9.rw2,"dpreview 스튜디오씬 비교위젯 API (widget id 541497, product_id로 필터) - EVALUATION.md '공용 챠트 데이터베이스' 절 참고"
538380,Panasonic Lumix DC-S1II,182451,https://www.dpreview.com/wp-content/uploads/image-compare/519596/538380/ab22c17815e94dd4abb08e580dcd178e.rw2,"dpreview 스튜디오씬 비교위젯 API (widget id 541497, product_id로 필터) - EVALUATION.md '공용 챠트 데이터베이스' 절 참고"
538383,Panasonic Lumix DC-S1II,182451,https://www.dpreview.com/wp-content/uploads/image-compare/519596/538383/e04bfda1a6104705a0ea28c51f8e4de2.rw2,"dpreview 스튜디오씬 비교위젯 API (widget id 541497, product_id로 필터) - EVALUATION.md '공용 챠트 데이터베이스' 절 참고"
538385,Panasonic Lumix DC-S1II,182451,https://www.dpreview.com/wp-content/uploads/image-compare/519596/538385/04dc7da28c0c4d3294fac3f0bcb0b5e2.rw2,"dpreview 스튜디오씬 비교위젯 API (widget id 541497, product_id로 필터) - EVALUATION.md '공용 챠트 데이터베이스' 절 참고"
538387,Panasonic Lumix DC-S1II,182451,https://www.dpreview.com/wp-content/uploads/image-compare/519596/538387/86cada2512234e6aba5a39fe1c06db70.rw2,"dpreview 스튜디오씬 비교위젯 API (widget id 541497, product_id로 필터) - EVALUATION.md '공용 챠트 데이터베이스' 절 참고"
538390,Panasonic Lumix DC-S1II,182451,https://www.dpreview.com/wp-content/uploads/image-compare/519596/538390/3111856b2e984b748080e401acee7ec9.rw2,"dpreview 스튜디오씬 비교위젯 API (widget id 541497, product_id로 필터) - EVALUATION.md '공용 챠트 데이터베이스' 절 참고"
538393,Panasonic Lumix DC-S1II,182451,https://www.dpreview.com/wp-content/uploads/image-compare/519596/538393/c072ca96d1ce4992aacc258da68feea2.rw2,"dpreview 스튜디오씬 비교위젯 API (widget id 541497, product_id로 필터) - EVALUATION.md '공용 챠트 데이터베이스' 절 참고"
538399,Panasonic Lumix DC-S1II,182451,https://www.dpreview.com/wp-content/uploads/image-compare/519596/538399/e4b90f57cb9241cb98e7681a8e63e0e2.rw2,"dpreview 스튜디오씬 비교위젯 API (widget id 541497, product_id로 필터) - EVALUATION.md '공용 챠트 데이터베이스' 절 참고"
538401,Panasonic Lumix DC-S1II,182451,https://www.dpreview.com/wp-content/uploads/image-compare/519596/538401/5d022b501d914ccab99d80d5d5211dc6.rw2,"dpreview 스튜디오씬 비교위젯 API (widget id 541497, product_id로 필터) - EVALUATION.md '공용 챠트 데이터베이스' 절 참고"
538403,Panasonic Lumix DC-S1II,182451,https://www.dpreview.com/wp-content/uploads/image-compare/519596/538403/fa4049802c6140f581e1ef3ad75605a8.rw2,"dpreview 스튜디오씬 비교위젯 API (widget id 541497, product_id로 필터) - EVALUATION.md '공용 챠트 데이터베이스' 절 참고"
538405,Panasonic Lumix DC-S1II,182451,https://www.dpreview.com/wp-content/uploads/image-compare/519596/538405/d8d88344ada24682b1d1dd1d701b952a.rw2,"dpreview 스튜디오씬 비교위젯 API (widget id 541497, product_id로 필터) - EVALUATION.md '공용 챠트 데이터베이스' 절 참고"
538407,Panasonic Lumix DC-S1II,182451,https://www.dpreview.com/wp-content/uploads/image-compare/519596/538407/d386a76419bc4b61ad3a2eedd3924b10.rw2,"dpreview 스튜디오씬 비교위젯 API (widget id 541497, product_id로 필터) - EVALUATION.md '공용 챠트 데이터베이스' 절 참고"
538409,Panasonic Lumix DC-S1II,182451,https://www.dpreview.com/wp-content/uploads/image-compare/519596/538409/731503301d77453b84786e8b0596e340.rw2,"dpreview 스튜디오씬 비교위젯 API (widget id 541497, product_id로 필터) - EVALUATION.md '공용 챠트 데이터베이스' 절 참고"
538411,Panasonic Lumix DC-S1II,182451,https://www.dpreview.com/wp-content/uploads/image-compare/519596/538411/026e96003c624d789d0f2700a7266c5e.rw2,"dpreview 스튜디오씬 비교위젯 API (widget id 541497, product_id로 필터) - EVALUATION.md '공용 챠트 데이터베이스' 절 참고"
538666,Panasonic Lumix DC-S1II,182451,https://www.dpreview.com/wp-content/uploads/image-compare/519596/538666/ee40a557d40c479cbfcd61fdfb119db9.rw2,"dpreview 스튜디오씬 비교위젯 API (widget id 541497, product_id로 필터) - EVALUATION.md '공용 챠트 데이터베이스' 절 참고"
538668,Panasonic Lumix DC-S1II,182451,https://www.dpreview.com/wp-content/uploads/image-compare/519596/538668/4cb24573c0ed4d17b5889cadd8adc070.rw2,"dpreview 스튜디오씬 비교위젯 API (widget id 541497, product_id로 필터) - EVALUATION.md '공용 챠트 데이터베이스' 절 참고"
538669,Panasonic Lumix DC-S1II,182451,https://www.dpreview.com/wp-content/uploads/image-compare/519596/538669/b50b43f5239c44e492c9f306efb3348b.rw2,"dpreview 스튜디오씬 비교위젯 API (widget id 541497, product_id로 필터) - EVALUATION.md '공용 챠트 데이터베이스' 절 참고"
