system,section,camera,lens,photographer,hdr_sdr,filename,jpeg_url,raw_url,source
X,X2D II 100C (HDR),X2D II 100C,"XCD 2,8-4/35-100E",Zhenglin Li,HDR,b_6612.jpg,https://cdn.hasselblad.com/f/77891/8742x11656/25bf6d841c/b_6612.jpg,,hasselblad.com (공식)
X,X2D II 100C (HDR),X2D II 100C,"XCD 2,5/55V",Jiang Chen,HDR,b_0494.jpg,https://cdn.hasselblad.com/f/77891/11656x8742/5e7130d236/b_0494.jpg,,hasselblad.com (공식)
X,X2D II 100C (HDR),X2D II 100C,"XCD 2,8-4/35-100E",Jiyuan Wang,HDR,b_32985.jpg,https://cdn.hasselblad.com/f/77891/11656x8742/b06b61a912/b_32985.jpg,,hasselblad.com (공식)
X,X2D II 100C (HDR),X2D II 100C,"XCD 3,2-4,5/20-35E",Jiyuan Wang,HDR,b_29667.jpg,https://cdn.hasselblad.com/f/77891/11656x8742/00714e9fb0/b_29667.jpg,,hasselblad.com (공식)
X,X2D II 100C (HDR),X2D II 100C,"XCD 2,8-4/35-100E",Zhenglin Li,HDR,b_5835.jpg,https://cdn.hasselblad.com/f/77891/11656x8742/f045dfdf11/b_5835.jpg,,hasselblad.com (공식)
X,X2D II 100C (SDR),X2D II 100C,"XCD 3,2-4,5/20-35E",Mark McGee,SDR,x-system_01_download.jpg,https://cdn.hasselblad.com/f/77891/11656x8742/540d161aa7/x-system_01_download.jpg,,hasselblad.com (공식)
X,X2D II 100C (SDR),X2D II 100C,"XCD 2,5/25V",Albrecht Voss,SDR,x-system_02_download.jpg,https://cdn.hasselblad.com/f/77891/11656x8742/0b7db9801e/x-system_02_download.jpg,,hasselblad.com (공식)
X,X2D II 100C (SDR),X2D II 100C,"XCD 2,5/55V",JUNSONG HE,SDR,x-system_03_download.JPG,https://cdn.hasselblad.com/f/77891/11656x8742/6701fc6361/x-system_03_download.JPG,,hasselblad.com (공식)
X,X2D II 100C (SDR),X2D II 100C,"XCD 2,5/90V",JUNSONG HE,SDR,x-system_04_download.JPG,https://cdn.hasselblad.com/f/77891/8742x11656/e610fdd518/x-system_04_download.JPG,,hasselblad.com (공식)
X,X2D II 100C (SDR),X2D II 100C,"XCD 2,5/38V",Zhenglin Li,SDR,x-system_05_download.jpg,https://cdn.hasselblad.com/f/77891/11347x8510/7d8819690b/x-system_05_download.jpg,,hasselblad.com (공식)
X,X2D II 100C (SDR),X2D II 100C,"XCD 2,5/38V",Zhenglin Li,SDR,x-system_06_download.jpg,https://cdn.hasselblad.com/f/77891/4000x3000/a7d8a52051/x-system_06_download.jpg,,hasselblad.com (공식)
X,X2D II 100C (SDR),X2D II 100C,"XCD 2,5/38V",EMANUELE DI MARE,SDR,x-system_07_download.jpg,https://cdn.hasselblad.com/f/77891/11656x8742/d785409541/x-system_07_download.jpg,,hasselblad.com (공식)
X,"XCD 2,8-4/35-100E",X2D II 100C,"XCD 2,8-4/35-100E",BENJAMIN EVERETT,SDR,x-system_01_download.jpg,https://cdn.hasselblad.com/f/77891/11656x8742/3d7d8d61f8/x-system_01_download.jpg,,hasselblad.com (공식)
X,"XCD 2,8-4/35-100E",X2D II 100C,"XCD 2,8-4/35-100E",BENJAMIN EVERETT,SDR,x-system_02_download.jpg,https://cdn.hasselblad.com/f/77891/11656x8742/237f663ffc/x-system_02_download.jpg,,hasselblad.com (공식)
X,"XCD 2,8-4/35-100E",X2D II 100C,"XCD 2,8-4/35-100E",HANG YU,SDR,x-system_03_download.JPG,https://cdn.hasselblad.com/f/77891/11656x8742/bfdab64d77/x-system_03_download.JPG,,hasselblad.com (공식)
X,"XCD 2,8-4/35-100E",X2D II 100C,"XCD 2,8-4/35-100E",MARK MCGEE,SDR,x-system_04_download.jpg,https://cdn.hasselblad.com/f/77891/8767x8742/6e0ec7b129/x-system_04_download.jpg,,hasselblad.com (공식)
X,"XCD 2,8-4/35-100E",X2D II 100C,"XCD 2,8-4/35-100E",ZHENGLIN LI,SDR,x-system_05_download.jpg,https://cdn.hasselblad.com/f/77891/4000x3000/67ab72bbe4/x-system_05_download.jpg,,hasselblad.com (공식)
X,"XCD 2,8-4/35-100E",X2D II 100C,"XCD 2,8-4/35-100E",JUNSONG HE,SDR,x-system_06_download.jpg,https://cdn.hasselblad.com/f/77891/8742x11656/eb0d1bec11/x-system_06_download.jpg,,hasselblad.com (공식)
X,"XCD 2,8-4/35-100E",X2D II 100C,"XCD 2,8-4/35-100E",EMANUELE DI MARE,SDR,x-system_07_download.jpg,https://cdn.hasselblad.com/f/77891/11656x8742/2d12831860/x-system_07_download.jpg,,hasselblad.com (공식)
X,"XCD 2,8-4/35-100E",X2D II 100C,"XCD 2,8-4/35-100E",EMANUELE DI MARE,SDR,x-system_08_.jpg,https://cdn.hasselblad.com/f/77891/11388x8541/c3a5253912/x-system_08_.jpg,,hasselblad.com (공식)
X,"X2D 100C + XCD 3,4/75P",X2D 100C,"XCD 3,4/75P",Emanuele Di Mare,SDR,emanuele-di-mare-x2d-xcd75p-1.jpg,https://cdn.hasselblad.com/f/77891/11656x8742/fb024325be/emanuele-di-mare-x2d-xcd75p-1.jpg,,hasselblad.com (공식)
X,"X2D 100C + XCD 3,4/75P",X2D 100C,"XCD 3,4/75P",Irene Rudnyk,SDR,irene-rudnyk-x2d-xcd-75p-1.jpg,https://cdn.hasselblad.com/f/77891/8742x11656/af21268162/irene-rudnyk-x2d-xcd-75p-1.jpg,,hasselblad.com (공식)
X,"X2D 100C + XCD 3,4/75P",X2D 100C,"XCD 3,4/75P",Irene Rudnyk,SDR,irene-rudnyk-x2d-xcd-75p-4.jpg,https://cdn.hasselblad.com/f/77891/8742x11656/1592521ca8/irene-rudnyk-x2d-xcd-75p-4.jpg,,hasselblad.com (공식)
X,"X2D 100C + XCD 3,4/75P",X2D 100C,"XCD 3,4/75P",Ray Cheung,SDR,ray-cheung-x2d-xcd75p-1.jpg,https://cdn.hasselblad.com/f/77891/8348x11131/88d0837513/ray-cheung-x2d-xcd75p-1.jpg,,hasselblad.com (공식)
X,"X2D 100C + XCD 3,4/75P",X2D 100C,"XCD 3,4/75P",Mark McGee,SDR,mark-mcgee-x2d-xcd75p-6.jpg,https://cdn.hasselblad.com/f/77891/11656x8742/6239093bd9/mark-mcgee-x2d-xcd75p-6.jpg,,hasselblad.com (공식)
X,"X2D 100C + XCD 3,4/75P",X2D 100C,"XCD 3,4/75P",Jiaze Wang,SDR,jiaze-wang-x2d-xcd75p-1.JPG,https://cdn.hasselblad.com/f/77891/8742x11656/81eed378c1/jiaze-wang-x2d-xcd75p-1.JPG,,hasselblad.com (공식)
X,"X2D 100C + XCD 3,4/75P",X2D 100C,"XCD 3,4/75P",Qianli Zhang,SDR,qianli-zhang-x2d-xcd75p-3.jpg,https://cdn.hasselblad.com/f/77891/8742x11656/704c12bd3a/qianli-zhang-x2d-xcd75p-3.jpg,,hasselblad.com (공식)
X,"X2D 100C + XCD 3,4/75P",X2D 100C,"XCD 3,4/75P",Qianli Zhang,SDR,qianli-zhang-x2d-xcd75p-4.jpg,https://cdn.hasselblad.com/f/77891/8742x11656/1d20e2a96f/qianli-zhang-x2d-xcd75p-4.jpg,,hasselblad.com (공식)
X,"X2D 100C + XCD 3,4/75P",X2D 100C,"XCD 3,4/75P",Qianli Zhang,SDR,qianli-zhang-x2d-xcd75p-5.jpg,https://cdn.hasselblad.com/f/77891/11656x8742/b8cf37c567/qianli-zhang-x2d-xcd75p-5.jpg,,hasselblad.com (공식)
X,"X2D 100C + XCD 3,2-4,5/20-35E",X2D 100C,"XCD 3,2-4,5/20-35E",Albrecht Voss,SDR,albrecht-voss-x2d-xcd20-35e-1.jpg,https://cdn.hasselblad.com/f/77891/11656x8742/bb8fac6fcb/albrecht-voss-x2d-xcd20-35e-1.jpg,,hasselblad.com (공식)
X,"X2D 100C + XCD 3,2-4,5/20-35E",X2D 100C,"XCD 3,2-4,5/20-35E",Gavin Hardcastle,SDR,gavin-hardcastle-x2d-xcd20-35e-2.jpg,https://cdn.hasselblad.com/f/77891/11656x8742/9a6eae2216/gavin-hardcastle-x2d-xcd20-35e-2.jpg,,hasselblad.com (공식)
X,"X2D 100C + XCD 3,2-4,5/20-35E",X2D 100C,"XCD 3,2-4,5/20-35E",Weimin Chu,SDR,weimin-chu-x2d-xcd20-35e-2.jpg,https://cdn.hasselblad.com/f/77891/11656x8742/5f56d30d2a/weimin-chu-x2d-xcd20-35e-2.jpg,,hasselblad.com (공식)
X,"X2D 100C + XCD 3,2-4,5/20-35E",X2D 100C,"XCD 3,2-4,5/20-35E",Martin Rak,SDR,martin-rak-x2d-xcd20-35e-2.jpg,https://cdn.hasselblad.com/f/77891/8742x11656/42c8bd0fa5/martin-rak-x2d-xcd20-35e-2.jpg,,hasselblad.com (공식)
X,"X2D 100C + XCD 3,2-4,5/20-35E",X2D 100C,"XCD 3,2-4,5/20-35E",Emanuele Di Mare,SDR,emanuele-di-mare-x2d-xcd20-35e-1.jpg,https://cdn.hasselblad.com/f/77891/8605x11473/5d97339964/emanuele-di-mare-x2d-xcd20-35e-1.jpg,,hasselblad.com (공식)
X,"X2D 100C + XCD 3,2-4,5/20-35E",X2D 100C,"XCD 3,2-4,5/20-35E",Emanuele Di Mare,SDR,emanuele-di-mare-x2d-xcd20-35e-2.jpg,https://cdn.hasselblad.com/f/77891/8616x11488/8cc1d0f430/emanuele-di-mare-x2d-xcd20-35e-2.jpg,,hasselblad.com (공식)
X,"X2D 100C + XCD 3,2-4,5/20-35E",X2D 100C,"XCD 3,2-4,5/20-35E",Mark McGee,SDR,mark-mcgee-x2d-xcd20-35e-1.jpg,https://cdn.hasselblad.com/f/77891/8742x11656/46032c5082/mark-mcgee-x2d-xcd20-35e-1.jpg,,hasselblad.com (공식)
X,"X2D 100C + XCD 3,2-4,5/20-35E",X2D 100C,"XCD 3,2-4,5/20-35E",Jiaze Wang,SDR,jiazhe-wang-x2d-xcd20-35e-2.jpg,https://cdn.hasselblad.com/f/77891/8742x11656/7b34e41648/jiazhe-wang-x2d-xcd20-35e-2.jpg,,hasselblad.com (공식)
X,"X2D 100C + XCD 3,2-4,5/20-35E",X2D 100C,"XCD 3,2-4,5/20-35E",Gavin Hardcastle,SDR,gavin-hardcastle-x2d-xcd20-35e-1.jpg,https://cdn.hasselblad.com/f/77891/11637x8717/027f2bf7f8/gavin-hardcastle-x2d-xcd20-35e-1.jpg,,hasselblad.com (공식)
X,"X2D 100C + XCD 3,2-4,5/20-35E",X2D 100C,"XCD 3,2-4,5/20-35E",Weimin Chu,SDR,weimin-chu-x2d-xcd20-35e-1.jpg,https://cdn.hasselblad.com/f/77891/9130x6848/ce3a3f661d/weimin-chu-x2d-xcd20-35e-1.jpg,,hasselblad.com (공식)
X,"X2D 100C + XCD 3,2-4,5/20-35E",X2D 100C,"XCD 3,2-4,5/20-35E",Albrecht Voss,SDR,albrecht-voss-x2d-xcd20-35e-2.jpg,https://cdn.hasselblad.com/f/77891/11656x8742/b6eb31b19c/albrecht-voss-x2d-xcd20-35e-2.jpg,,hasselblad.com (공식)
X,"X2D 100C + XCD 3,2-4,5/20-35E",X2D 100C,"XCD 3,2-4,5/20-35E",Emanuele Di Mare,SDR,emanuele-di-mare-x2d-xcd20-35e-3.jpg,https://cdn.hasselblad.com/f/77891/10205x7654/a7f03b6476/emanuele-di-mare-x2d-xcd20-35e-3.jpg,,hasselblad.com (공식)
X,"X2D 100C + XCD 2,5/25V",X2D 100C,"XCD 2,5/25V",Qianli Zhang,SDR,qianli-zhang-x2d-xcd-25v-1.jpg,https://cdn.hasselblad.com/f/77891/11656x8742/748114f8a9/qianli-zhang-x2d-xcd-25v-1.jpg,,hasselblad.com (공식)
X,"X2D 100C + XCD 2,5/25V",X2D 100C,"XCD 2,5/25V",Mark McGee,SDR,mark-mcgee-x2d-xcd25v-1.jpg,https://cdn.hasselblad.com/f/77891/11656x8742/4547f45435/mark-mcgee-x2d-xcd25v-1.jpg,,hasselblad.com (공식)
X,"X2D 100C + XCD 2,5/25V",X2D 100C,"XCD 2,5/25V",Mark McGee,SDR,mark-mcgee-x2d-xcd25v-2.jpg,https://cdn.hasselblad.com/f/77891/6000x8000/04654c8cfe/mark-mcgee-x2d-xcd25v-2.jpg,,hasselblad.com (공식)
X,"X2D 100C + XCD 2,5/25V",X2D 100C,"XCD 2,5/25V",Albrecht Voss,SDR,albrecht-voss-x2d-xcd25v-2.jpg,https://cdn.hasselblad.com/f/77891/11656x8742/b18aaf925d/albrecht-voss-x2d-xcd25v-2.jpg,,hasselblad.com (공식)
X,"X2D 100C + XCD 2,5/25V",X2D 100C,"XCD 2,5/25V",Ya Chen,SDR,chen-ya-x2d-xcd-25v-2.jpg,https://cdn.hasselblad.com/f/77891/11656x8742/505db9fe44/chen-ya-x2d-xcd-25v-2.jpg,,hasselblad.com (공식)
X,"X2D 100C + XCD 2,5/25V",X2D 100C,"XCD 2,5/25V",Weimin Chu,SDR,thomas-x2d-xcd-25v-1.jpg,https://cdn.hasselblad.com/f/77891/11657x8741/bce971631b/thomas-x2d-xcd-25v-1.jpg,,hasselblad.com (공식)
X,"X2D 100C + XCD 2,5/25V",X2D 100C,"XCD 2,5/25V",Ning Xu,SDR,xu-ning-x2d-xcd-25v-2.jpg,https://cdn.hasselblad.com/f/77891/10974x8231/d8c6858f04/xu-ning-x2d-xcd-25v-2.jpg,,hasselblad.com (공식)
X,"X2D 100C + XCD 2,5/25V",X2D 100C,"XCD 2,5/25V",Ning Xu,SDR,xu-ning-x2d-xcd-25v-3.jpg,https://cdn.hasselblad.com/f/77891/11656x8742/efc51b70ae/xu-ning-x2d-xcd-25v-3.jpg,,hasselblad.com (공식)
X,X2D 100C + XCD 4/28P,X2D 100C,XCD 4/28P,Clarissa Bonet,SDR,clarissa-bonet-x2d-xcd-28p-1-full-size.jpg,https://cdn.hasselblad.com/f/77891/11656x8742/bf9e5e6269/clarissa-bonet-x2d-xcd-28p-1-full-size.jpg,,hasselblad.com (공식)
X,X2D 100C + XCD 4/28P,X2D 100C,XCD 4/28P,Clarissa Bonet,SDR,clarissa-bonet-x2d-xcd-28p-2-full-size.jpg,https://cdn.hasselblad.com/f/77891/10753x8064/542e4aefcd/clarissa-bonet-x2d-xcd-28p-2-full-size.jpg,,hasselblad.com (공식)
X,X2D 100C + XCD 4/28P,X2D 100C,XCD 4/28P,Mads Selvig,SDR,mads-selvig-x2d-xcd-28p-1-full-size.jpg,https://cdn.hasselblad.com/f/77891/10232x7674/8d7fcfb0a8/mads-selvig-x2d-xcd-28p-1-full-size.jpg,,hasselblad.com (공식)
X,X2D 100C + XCD 4/28P,X2D 100C,XCD 4/28P,Mads Selvig,SDR,mads-selvig-x2d-xcd-28p-2-full-size.jpg,https://cdn.hasselblad.com/f/77891/11656x8742/24b10794e5/mads-selvig-x2d-xcd-28p-2-full-size.jpg,,hasselblad.com (공식)
X,X2D 100C + XCD 4/28P,X2D 100C,XCD 4/28P,Qianli Zhang,SDR,qianli-zhang-x2d-xcd-28p-1-full-size.jpg,https://cdn.hasselblad.com/f/77891/11656x8742/039193edbc/qianli-zhang-x2d-xcd-28p-1-full-size.jpg,,hasselblad.com (공식)
X,X2D 100C + XCD 4/28P,X2D 100C,XCD 4/28P,Qianli Zhang,SDR,qianli-zhang-x2d-xcd-28p-2-full-size.jpg,https://cdn.hasselblad.com/f/77891/11656x4302/0345f7b539/qianli-zhang-x2d-xcd-28p-2-full-size.jpg,,hasselblad.com (공식)
X,X2D 100C + XCD 4/28P,X2D 100C,XCD 4/28P,Linus Englund,SDR,linus-englund-x2d-xcd-28p-1-full-size.jpg,https://cdn.hasselblad.com/f/77891/11656x8742/bb08969170/linus-englund-x2d-xcd-28p-1-full-size.jpg,,hasselblad.com (공식)
X,"X2D 100C + XCD 2,5/38V",X2D 100C,"XCD 2,5/38V",Isabella Tabacchi,SDR,isabella-tabacchi-x2d-xcd38v-5.jpg,https://cdn.hasselblad.com/f/77891/12482x16642/2138944c39/isabella-tabacchi-x2d-xcd38v-5.jpg,,hasselblad.com (공식)
X,"X2D 100C + XCD 2,5/38V",X2D 100C,"XCD 2,5/38V",Jianjun Wang,SDR,jianjun-wang-x2d-xcd38-1.jpg,https://cdn.hasselblad.com/f/77891/11656x8741/c8577db671/jianjun-wang-x2d-xcd38-1.jpg,,hasselblad.com (공식)
X,"X2D 100C + XCD 2,5/38V",X2D 100C,"XCD 2,5/38V",Donald Michael Chambers,SDR,donald-michael-chambers-x2d-xcd38v-2.jpg,https://cdn.hasselblad.com/f/77891/11656x8742/9bfba1cee3/donald-michael-chambers-x2d-xcd38v-2.jpg,,hasselblad.com (공식)
X,"X2D 100C + XCD 2,5/38V",X2D 100C,"XCD 2,5/38V",Hans Strand,SDR,hans-strand-x2d-xcd38v-2.jpg,https://cdn.hasselblad.com/f/77891/11131x8348/32a7905911/hans-strand-x2d-xcd38v-2.jpg,,hasselblad.com (공식)
X,"X2D 100C + XCD 2,5/38V",X2D 100C,"XCD 2,5/38V",Hans Strand,SDR,hans-strand-x2d-xcd38v-1.jpg,https://cdn.hasselblad.com/f/77891/10183x7637/18d24985da/hans-strand-x2d-xcd38v-1.jpg,,hasselblad.com (공식)
X,"X2D 100C + XCD 2,5/55V",X2D 100C,"XCD 2,5/55V",Flora Borsi,SDR,flora-borsi-x2d-xcd55v-7.jpg,https://cdn.hasselblad.com/f/77891/12000x15000/5841a88c57/flora-borsi-x2d-xcd55v-7.jpg,,hasselblad.com (공식)
X,"X2D 100C + XCD 2,5/55V",X2D 100C,"XCD 2,5/55V",Donald Michael Chambers,SDR,donald-michael-chambers-x2d-xcd55v-2.jpg,https://cdn.hasselblad.com/f/77891/11276x8457/795c3520b5/donald-michael-chambers-x2d-xcd55v-2.jpg,,hasselblad.com (공식)
X,"X2D 100C + XCD 2,5/55V",X2D 100C,"XCD 2,5/55V",Donald Michael Chambers,SDR,donald-michael-chambers-x2d-xcd55v-4.jpg,https://cdn.hasselblad.com/f/77891/11656x8742/7688f019bd/donald-michael-chambers-x2d-xcd55v-4.jpg,,hasselblad.com (공식)
X,"X2D 100C + XCD 2,5/55V",X2D 100C,"XCD 2,5/55V",Linus Englund,SDR,linus-englund-x2d-xcd55v-1.jpg,https://cdn.hasselblad.com/f/77891/8742x11656/be38bd3c60/linus-englund-x2d-xcd55v-1.jpg,,hasselblad.com (공식)
X,"X2D 100C + XCD 2,5/55V",X2D 100C,"XCD 2,5/55V",Linus Englund,SDR,linus-englund-x2d-xcd55v-2.jpg,https://cdn.hasselblad.com/f/77891/8742x11656/0cd81d1f00/linus-englund-x2d-xcd55v-2.jpg,,hasselblad.com (공식)
X,"X2D 100C + XCD 2,5/55V",X2D 100C,"XCD 2,5/55V",Linus Englund,SDR,linus-englund-x2d-xcd55v-3.jpg,https://cdn.hasselblad.com/f/77891/11656x8742/f7f7bd9631/linus-englund-x2d-xcd55v-3.jpg,,hasselblad.com (공식)
X,"X2D 100C + XCD 2,5/90V",X2D 100C,"XCD 2,5/90V",Julia Trotti,SDR,julia-trotti-x2d-xcd90v-1.jpg,https://cdn.hasselblad.com/f/77891/11656x8742/20389379de/julia-trotti-x2d-xcd90v-1.jpg,,hasselblad.com (공식)
X,"X2D 100C + XCD 2,5/90V",X2D 100C,"XCD 2,5/90V",Julia Trotti,SDR,julia-trotti-x2d-xcd90v-2.jpg,https://cdn.hasselblad.com/f/77891/8742x11656/0b048615eb/julia-trotti-x2d-xcd90v-2.jpg,,hasselblad.com (공식)
X,"X2D 100C + XCD 2,5/90V",X2D 100C,"XCD 2,5/90V",Manny Ortiz,SDR,manny-ortiz-x2d-xcd90v-1.jpg,https://cdn.hasselblad.com/f/77891/9963x7472/5a76623560/manny-ortiz-x2d-xcd90v-1.jpg,,hasselblad.com (공식)
X,"X2D 100C + XCD 2,5/90V",X2D 100C,"XCD 2,5/90V",Linus Englund,SDR,linus-englund-x2d-xcd90v-5.jpg,https://cdn.hasselblad.com/f/77891/11656x8742/47afa2fee3/linus-englund-x2d-xcd90v-5.jpg,,hasselblad.com (공식)
X,"X2D 100C + XCD 2,5/90V",X2D 100C,"XCD 2,5/90V",Linus Englund,SDR,linus-englund-x2d-xcd90v-6.jpg,https://cdn.hasselblad.com/f/77891/11656x8742/29634982e9/linus-englund-x2d-xcd90v-6.jpg,,hasselblad.com (공식)
X,"X2D 100C + XCD 2,5/90V",X2D 100C,"XCD 2,5/90V",Haitong Yu,SDR,haitong-yu-x2d-xcd90v-8.jpg,https://cdn.hasselblad.com/f/77891/11656x8742/16af5abba5/haitong-yu-x2d-xcd90v-8.jpg,,hasselblad.com (공식)
X,"X2D 100C + XCD 2,5/90V",X2D 100C,"XCD 2,5/90V",Zifeng Qiu,SDR,qiu-zifeng-x2d-xcd90v-1.jpg,https://cdn.hasselblad.com/f/77891/8733x11650/afe3463ff9/qiu-zifeng-x2d-xcd90v-1.jpg,,hasselblad.com (공식)
X,XCD 4/21,X1D II 50C,XCD 4/21,,SDR,x1d-II-sample-02.jpg,https://cdn.hasselblad.com/samples/x1d-II-50c/x1d-II-sample-02.jpg,https://cdn.hasselblad.com/samples/x1d-II-50c/x1d-II-sample-02.fff,hasselblad.com (공식)
X,XCD 4/21,X1D II 50C,XCD 4/21,,SDR,x1d-II-sample-09.jpg,https://cdn.hasselblad.com/samples/x1d-II-50c/x1d-II-sample-09.jpg,https://cdn.hasselblad.com/samples/x1d-II-50c/x1d-II-sample-09.3FR,hasselblad.com (공식)
X,XCD 4/21,X1D-50C,XCD 4/21,Haitong Yu,SDR,B0000994.jpg,https://cdn.hasselblad.com/samples/B0000994.jpg,https://cdn.hasselblad.com/samples/B0000994.3FR,hasselblad.com (공식)
X,XCD 4/21,X1D II 50C,XCD 4/21,Haitong Yu,SDR,B0001395.jpg,https://cdn.hasselblad.com/samples/B0001395.jpg,https://cdn.hasselblad.com/samples/B0001395.3FR,hasselblad.com (공식)
X,"XCD 3,5/45",X1D-50C,"XCD 3,5/45",Hengki Koentjoro,SDR,x1d-xcd45-01.jpg,http://cdn.hasselblad.com/samples/xcd-lenses/x1d-xcd45-01.jpg,http://cdn.hasselblad.com/samples/xcd-lenses/x1d-xcd45-01.3FR,hasselblad.com (공식)
X,"XCD 3,5/45",X1D-50C,"XCD 3,5/45",Hengki Koentjoro,SDR,x1d-xcd45-03.jpg,http://cdn.hasselblad.com/samples/xcd-lenses/x1d-xcd45-03.jpg,http://cdn.hasselblad.com/samples/xcd-lenses/x1d-xcd45-03.3FR,hasselblad.com (공식)
X,"XCD 3,5/45",X1D-50C,"XCD 3,5/45",Hengki Koentjoro,SDR,x1d-xcd45-04.jpg,http://cdn.hasselblad.com/samples/xcd-lenses/x1d-xcd45-04.jpg,http://cdn.hasselblad.com/samples/xcd-lenses/x1d-xcd45-04.3FR,hasselblad.com (공식)
X,XCD 4/45P,X1D II 50C,XCD 4/45P,,SDR,x1d-ii-xcd45p-01.jpg,https://cdn.hasselblad.com/samples/xcd-lenses/x1d-ii-xcd45p-01.jpg,https://cdn.hasselblad.com/samples/xcd-lenses/x1d-ii-xcd45p-01.fff,hasselblad.com (공식)
X,XCD 4/45P,X1D II 50C,XCD 4/45P,,SDR,x1d-ii-xcd45p-02.jpg,https://cdn.hasselblad.com/samples/xcd-lenses/x1d-ii-xcd45p-02.jpg,https://cdn.hasselblad.com/samples/xcd-lenses/x1d-ii-xcd45p-02.fff,hasselblad.com (공식)
X,XCD 4/45P,X1D II 50C,XCD 4/45P,,SDR,,,,hasselblad.com (공식)
X,"XCD 2,8/65",X1D II 50C,"XCD 2,8/65",,SDR,x1d-II-sample-01.jpg,https://cdn.hasselblad.com/samples/x1d-II-50c/x1d-II-sample-01.jpg,https://cdn.hasselblad.com/samples/x1d-II-50c/x1d-II-sample-01.fff,hasselblad.com (공식)
X,"XCD 2,8/65",X1D-50C,"XCD 2,8/65",,SDR,x1d-xcd65-01.jpg,https://cdn.hasselblad.com/samples/xcd-lenses/x1d-xcd65-01.jpg,https://cdn.hasselblad.com/samples/xcd-lenses/x1d-xcd65-01.tif,hasselblad.com (공식)
X,"XCD 1,9/80",X1D II 50C,"XCD 1,9/80",,SDR,x1d-II-sample-06.jpg,https://cdn.hasselblad.com/samples/x1d-II-50c/x1d-II-sample-06.jpg,https://cdn.hasselblad.com/samples/x1d-II-50c/x1d-II-sample-06.3FR,hasselblad.com (공식)
X,"XCD 3,2/90",X1D II 50C,"XCD 3,2/90",,SDR,,,,hasselblad.com (공식)
X,"XCD 3,2/90",X1D II 50C,"XCD 3,2/90",,SDR,,,,hasselblad.com (공식)
X,"X1D-50C + XCD 3,5/120",X1D-50C,"XCD 3,5/120",Mattias Hammar,SDR,XCD-120-01.fff,,http://cdn.hasselblad.com/samples/xcd-lenses/XCD-120-01.fff,hasselblad.com (공식)
X,"X1D-50C + XCD 3,5/120",X1D-50C,"XCD 3,5/120",Mattias Hammar,SDR,XCD-120-02.fff,,http://cdn.hasselblad.com/samples/xcd-lenses/XCD-120-02.fff,hasselblad.com (공식)
X,"X1D-50C + XCD 3,5/120",X1D-50C,"XCD 3,5/120",Mattias Hammar,SDR,XCD-120-03.fff,,http://cdn.hasselblad.com/samples/xcd-lenses/XCD-120-03.fff,hasselblad.com (공식)
X,"X1D-50C + XCD 3,5/120",X1D-50C,"XCD 3,5/120",Mattias Hammar,SDR,XCD-120-04.fff,,http://cdn.hasselblad.com/samples/xcd-lenses/XCD-120-04.fff,hasselblad.com (공식)
X,"X1D-50C + XCD 3,5/120",X1D-50C,"XCD 3,5/120",Mattias Hammar,SDR,,,,hasselblad.com (공식)
X,"X1D II 50C + XH CONVERTER 0,8",X1D II 50C,"HC 2,2/100 (1,8/80) [XH컨버터]",,SDR,02709.jpg,https://cdn.hasselblad.com/f/77891/8272x6200/2a5f0c25ad/02709.jpg,https://cdn.hasselblad.com/f/77891/x/f3c22318d0/02709.fff,hasselblad.com (공식)
X,"X1D II 50C + XH CONVERTER 0,8",X1D II 50C,"HC 2,2/100 (1,8/80) [XH컨버터]",,SDR,00378.jpg,https://cdn.hasselblad.com/f/77891/6200x8272/2f3ad39071/00378.jpg,https://cdn.hasselblad.com/f/77891/x/d1ce5d1695/00378.3FR,hasselblad.com (공식)
H,H6D,H6D-100C,HC 4/210,Karl Taylor,SDR,h6d-100c-sample-01.tif,,https://cdn.hasselblad.com/samples/h6d-100c/h6d-100c-sample-01.tif,hasselblad.com (공식)
H,H6D,H6D-50C,"HC 3,5/50 II",Tom Oldham,SDR,,,,hasselblad.com (공식)
H,H6D-400C MS,H6D-400C MS,,Günther Egger,SDR,Hasselblad_0115+FIN.tif,,https://cdn.hasselblad.com/zoom/gunther-egger/Hasselblad_0115+FIN.tif,hasselblad.com (공식)
H,H6D-400C MS,H6D-400C MS,,Günther Egger,SDR,Hasselblad_0138+FIN.tif,,https://cdn.hasselblad.com/zoom/gunther-egger/Hasselblad_0138+FIN.tif,hasselblad.com (공식)
V,CFV 100C,907X & CFV 100C,"XCD 2,5/38V",Benjamin Everett,SDR,benjamin-everett-907x-cfv-100c-xcd-38v-1.jpg,https://cdn.hasselblad.com/f/77891/11656x8742/2d0e75d2d8/benjamin-everett-907x-cfv-100c-xcd-38v-1.jpg,,hasselblad.com (공식)
V,CFV 100C,907X & CFV 100C,XCD 4/28P,Bart Kuykens,SDR,bart-kuykens-907x-cfv-100c-xcd-28p.jpg,https://cdn.hasselblad.com/f/77891/11656x8742/8de2c69a5e/bart-kuykens-907x-cfv-100c-xcd-28p.jpg,,hasselblad.com (공식)
V,CFV 100C,907X & CFV 100C,"XCD 2,5/90V",Eva Zocher,SDR,eva-zocher-907x-cfv-100c-xcd-90v.jpg,https://cdn.hasselblad.com/f/77891/8353x11137/57f9e5b576/eva-zocher-907x-cfv-100c-xcd-90v.jpg,,hasselblad.com (공식)
V,CFV 100C,907X & CFV 100C,"XCD 2,5/38V",Junsong He,SDR,junsong-he-907x-cfv-100c-xcd-38-2.jpg,https://cdn.hasselblad.com/f/77891/11656x8742/9060457210/junsong-he-907x-cfv-100c-xcd-38-2.jpg,,hasselblad.com (공식)
V,CFV 100C,907X & CFV 100C,"XCD 2,5/38V",Junsong He,SDR,junsong-he-907x-cfv-100c-xcd-38.jpg,https://cdn.hasselblad.com/f/77891/8742x11656/963fb323ef/junsong-he-907x-cfv-100c-xcd-38.jpg,,hasselblad.com (공식)
V,CFV 100C,503CW & CFV 100C,CFE 80,Mats Lind,SDR,matslind-503cw-cfv100c-cfe-80-4.jpg,https://cdn.hasselblad.com/f/77891/10053x7540/ea06fb6641/matslind-503cw-cfv100c-cfe-80-4.jpg,,hasselblad.com (공식)
V,CFV 100C,503CW & CFV 100C,CFE 80,Mats Lind,SDR,matslind-503cw-cfv100c-cfe-80-1.jpg,https://cdn.hasselblad.com/f/77891/9333x7000/2588728b14/matslind-503cw-cfv100c-cfe-80-1.jpg,,hasselblad.com (공식)
V,CFV 100C,Flexbody & CFV 100C,CF 150,Qiyi Chen,SDR,qiyi-chen-flexbody-cfv-100c-cf-50-fle.jpg,https://cdn.hasselblad.com/f/77891/11657x8745/06e7224263/qiyi-chen-flexbody-cfv-100c-cf-50-fle.jpg,,hasselblad.com (공식)
V,CFV 100C,Flexbody & CFV 100C,CF 50 FLE,Qiyi Chen,SDR,qiyi-chen-flexbody-cfv-100c-cf-150.jpg,https://cdn.hasselblad.com/f/77891/11467x8600/bfdbab9b74/qiyi-chen-flexbody-cfv-100c-cf-150.jpg,,hasselblad.com (공식)
V,CFV 100C,Technical Camera & CFV 100C,,Gunther Egger,SDR,gunther-egger-fachkamera-und-cfv-100c.jpg,https://cdn.hasselblad.com/f/77891/8742x11655/72f09c6afc/gunther-egger-fachkamera-und-cfv-100c.jpg,,hasselblad.com (공식)
V,907X 50C,907X 50C,"XCD 3,5/120",,SDR,907X_pp201.jpg,https://cdn.hasselblad.com/samples/907x-50c/907X_pp201.jpg,,hasselblad.com (공식)
V,907X 50C,907X 50C,"XCD 3,5/120",,SDR,907X_02.jpg,https://cdn.hasselblad.com/samples/907x-50c/907X_02.jpg,,hasselblad.com (공식)
V,907X 50C,907X 50C,"XCD 3,5/120",,SDR,907X_03.jpg,https://cdn.hasselblad.com/samples/907x-50c/907X_03.jpg,,hasselblad.com (공식)
V,"907X 50C + XH CONVERTER 0,8",907X 50C,HCD 24 [XH컨버터],,SDR,02445.jpg,https://cdn.hasselblad.com/f/77891/5704x7610/5412cf1630/02445.jpg,,hasselblad.com (공식)
V,Cameralabs 리뷰 (907X & CFV 100C),907X & CFV 100C,"(불특정, 리뷰 내 XCD 다수 렌즈 혼용)",Gordon Laing (Cameralabs),SDR (SOOC JPEG),53573257124_365ea7b201_h.jpg,https://live.staticflickr.com/65535/53573257124_365ea7b201_h.jpg,,"cameralabs.com (신뢰 서드파티, 최종양산유닛)"
V,Cameralabs 리뷰 (907X & CFV 100C),907X & CFV 100C,"(불특정, 리뷰 내 XCD 다수 렌즈 혼용)",Gordon Laing (Cameralabs),SDR (SOOC JPEG),53573373405_61c75eb19d_h.jpg,https://live.staticflickr.com/65535/53573373405_61c75eb19d_h.jpg,,"cameralabs.com (신뢰 서드파티, 최종양산유닛)"
V,Cameralabs 리뷰 (907X & CFV 100C),907X & CFV 100C,"(불특정, 리뷰 내 XCD 다수 렌즈 혼용)",Gordon Laing (Cameralabs),SDR (SOOC JPEG),53572933071_960911b361_z.jpg,https://live.staticflickr.com/65535/53572933071_960911b361_z.jpg,,"cameralabs.com (신뢰 서드파티, 최종양산유닛)"
V,Cameralabs 리뷰 (907X & CFV 100C),907X & CFV 100C,"(불특정, 리뷰 내 XCD 다수 렌즈 혼용)",Gordon Laing (Cameralabs),SDR (SOOC JPEG),53573255099_dcb652eecf_z.jpg,https://live.staticflickr.com/65535/53573255099_dcb652eecf_z.jpg,,"cameralabs.com (신뢰 서드파티, 최종양산유닛)"
V,Cameralabs 리뷰 (907X & CFV 100C),907X & CFV 100C,"(불특정, 리뷰 내 XCD 다수 렌즈 혼용)",Gordon Laing (Cameralabs),SDR (SOOC JPEG),53573129773_5c552a29e3_z.jpg,https://live.staticflickr.com/65535/53573129773_5c552a29e3_z.jpg,,"cameralabs.com (신뢰 서드파티, 최종양산유닛)"
V,Cameralabs 리뷰 (907X & CFV 100C),907X & CFV 100C,"(불특정, 리뷰 내 XCD 다수 렌즈 혼용)",Gordon Laing (Cameralabs),SDR (SOOC JPEG),53573130718_18deae2fbf_z.jpg,https://live.staticflickr.com/65535/53573130718_18deae2fbf_z.jpg,,"cameralabs.com (신뢰 서드파티, 최종양산유닛)"
V,Cameralabs 리뷰 (907X & CFV 100C),907X & CFV 100C,"(불특정, 리뷰 내 XCD 다수 렌즈 혼용)",Gordon Laing (Cameralabs),SDR (SOOC JPEG),53572926096_f84179d68a_z.jpg,https://live.staticflickr.com/65535/53572926096_f84179d68a_z.jpg,,"cameralabs.com (신뢰 서드파티, 최종양산유닛)"
V,Cameralabs 리뷰 (907X & CFV 100C),907X & CFV 100C,"(불특정, 리뷰 내 XCD 다수 렌즈 혼용)",Gordon Laing (Cameralabs),SDR (SOOC JPEG),53573248849_2627de0e9b_z.jpg,https://live.staticflickr.com/65535/53573248849_2627de0e9b_z.jpg,,"cameralabs.com (신뢰 서드파티, 최종양산유닛)"
V,Cameralabs 리뷰 (907X & CFV 100C),907X & CFV 100C,"(불특정, 리뷰 내 XCD 다수 렌즈 혼용)",Gordon Laing (Cameralabs),SDR (SOOC JPEG),53572920551_552b0f1fab_z.jpg,https://live.staticflickr.com/65535/53572920551_552b0f1fab_z.jpg,,"cameralabs.com (신뢰 서드파티, 최종양산유닛)"
V,Cameralabs 리뷰 (907X & CFV 100C),907X & CFV 100C,"(불특정, 리뷰 내 XCD 다수 렌즈 혼용)",Gordon Laing (Cameralabs),SDR (SOOC JPEG),53573122663_2f725bdb61_z.jpg,https://live.staticflickr.com/65535/53573122663_2f725bdb61_z.jpg,,"cameralabs.com (신뢰 서드파티, 최종양산유닛)"
V,Cameralabs 리뷰 (907X & CFV 100C),907X & CFV 100C,"(불특정, 리뷰 내 XCD 다수 렌즈 혼용)",Gordon Laing (Cameralabs),SDR (SOOC JPEG),53572057032_3fee32d7c6_z.jpg,https://live.staticflickr.com/65535/53572057032_3fee32d7c6_z.jpg,,"cameralabs.com (신뢰 서드파티, 최종양산유닛)"
V,Cameralabs 리뷰 (907X & CFV 100C),907X & CFV 100C,"(불특정, 리뷰 내 XCD 다수 렌즈 혼용)",Gordon Laing (Cameralabs),SDR (SOOC JPEG),53573242419_b05d1b5706_z.jpg,https://live.staticflickr.com/65535/53573242419_b05d1b5706_z.jpg,,"cameralabs.com (신뢰 서드파티, 최종양산유닛)"
V,Cameralabs 리뷰 (907X & CFV 100C),907X & CFV 100C,"(불특정, 리뷰 내 XCD 다수 렌즈 혼용)",Gordon Laing (Cameralabs),SDR (SOOC JPEG),53572050682_aaccddd9ee_h.jpg,https://live.staticflickr.com/65535/53572050682_aaccddd9ee_h.jpg,,"cameralabs.com (신뢰 서드파티, 최종양산유닛)"
V,Cameralabs 리뷰 (907X & CFV 100C),907X & CFV 100C,"(불특정, 리뷰 내 XCD 다수 렌즈 혼용)",Gordon Laing (Cameralabs),SDR (SOOC JPEG),53573354885_0c4e060f01_z.jpg,https://live.staticflickr.com/65535/53573354885_0c4e060f01_z.jpg,,"cameralabs.com (신뢰 서드파티, 최종양산유닛)"
V,Cameralabs 리뷰 (907X & CFV 100C),907X & CFV 100C,"(불특정, 리뷰 내 XCD 다수 렌즈 혼용)",Gordon Laing (Cameralabs),SDR (SOOC JPEG),53573235149_959c1b40ce_z.jpg,https://live.staticflickr.com/65535/53573235149_959c1b40ce_z.jpg,,"cameralabs.com (신뢰 서드파티, 최종양산유닛)"
V,Cameralabs 리뷰 (907X & CFV 100C),907X & CFV 100C,"(불특정, 리뷰 내 XCD 다수 렌즈 혼용)",Gordon Laing (Cameralabs),SDR (SOOC JPEG),53573354215_ee3e107e75_z.jpg,https://live.staticflickr.com/65535/53573354215_ee3e107e75_z.jpg,,"cameralabs.com (신뢰 서드파티, 최종양산유닛)"
V,Cameralabs 리뷰 (907X & CFV 100C),907X & CFV 100C,"(불특정, 리뷰 내 XCD 다수 렌즈 혼용)",Gordon Laing (Cameralabs),SDR (SOOC JPEG),53573112028_7893ea3b1a_z.jpg,https://live.staticflickr.com/65535/53573112028_7893ea3b1a_z.jpg,,"cameralabs.com (신뢰 서드파티, 최종양산유닛)"
V,Cameralabs 리뷰 (907X & CFV 100C),907X & CFV 100C,"(불특정, 리뷰 내 XCD 다수 렌즈 혼용)",Gordon Laing (Cameralabs),SDR (SOOC JPEG),53573230074_2f662bfd6f_z.jpg,https://live.staticflickr.com/65535/53573230074_2f662bfd6f_z.jpg,,"cameralabs.com (신뢰 서드파티, 최종양산유닛)"
V,Cameralabs 리뷰 (907X & CFV 100C),907X & CFV 100C,"(불특정, 리뷰 내 XCD 다수 렌즈 혼용)",Gordon Laing (Cameralabs),SDR (SOOC JPEG),53572044222_8f51ffa406_z.jpg,https://live.staticflickr.com/65535/53572044222_8f51ffa406_z.jpg,,"cameralabs.com (신뢰 서드파티, 최종양산유닛)"
V,Cameralabs 리뷰 (907X & CFV 100C),907X & CFV 100C,"(불특정, 리뷰 내 XCD 다수 렌즈 혼용)",Gordon Laing (Cameralabs),SDR (SOOC JPEG),53572905331_2863e2beab_z.jpg,https://live.staticflickr.com/65535/53572905331_2863e2beab_z.jpg,,"cameralabs.com (신뢰 서드파티, 최종양산유닛)"
V,Cameralabs 리뷰 (907X & CFV 100C),907X & CFV 100C,"(불특정, 리뷰 내 XCD 다수 렌즈 혼용)",Gordon Laing (Cameralabs),SDR (SOOC JPEG),53573346970_aea94978c0_z.jpg,https://live.staticflickr.com/65535/53573346970_aea94978c0_z.jpg,,"cameralabs.com (신뢰 서드파티, 최종양산유닛)"
V,Cameralabs 리뷰 (907X & CFV 100C),907X & CFV 100C,"(불특정, 리뷰 내 XCD 다수 렌즈 혼용)",Gordon Laing (Cameralabs),SDR (SOOC JPEG),53573224364_d6c3c69eb6_z.jpg,https://live.staticflickr.com/65535/53573224364_d6c3c69eb6_z.jpg,,"cameralabs.com (신뢰 서드파티, 최종양산유닛)"
V,Cameralabs 리뷰 (907X & CFV 100C),907X & CFV 100C,"(불특정, 리뷰 내 XCD 다수 렌즈 혼용)",Gordon Laing (Cameralabs),SDR (SOOC JPEG),53573223899_4bfdfbb5b7_z.jpg,https://live.staticflickr.com/65535/53573223899_4bfdfbb5b7_z.jpg,,"cameralabs.com (신뢰 서드파티, 최종양산유닛)"
V,Cameralabs 리뷰 (907X & CFV 100C),907X & CFV 100C,"(불특정, 리뷰 내 XCD 다수 렌즈 혼용)",Gordon Laing (Cameralabs),SDR (SOOC JPEG),53572035547_2a9bd7b39c_z.jpg,https://live.staticflickr.com/65535/53572035547_2a9bd7b39c_z.jpg,,"cameralabs.com (신뢰 서드파티, 최종양산유닛)"
V,Cameralabs 리뷰 (907X & CFV 100C),907X & CFV 100C,"(불특정, 리뷰 내 XCD 다수 렌즈 혼용)",Gordon Laing (Cameralabs),SDR (SOOC JPEG),53573220724_0b50c5d8d5_z.jpg,https://live.staticflickr.com/65535/53573220724_0b50c5d8d5_z.jpg,,"cameralabs.com (신뢰 서드파티, 최종양산유닛)"
