filename_raw,filename_jpeg,camera,lens,iso,wb_setting,scene_type,filename_phocus_tiff,phocus_settings,illuminant,download_url,notes
4203719379.dng,4440175431.jpg,SIGMA fp L,LUMIX S 24-105/F4,100,auto,daylight,,,,"local (owner personal library, split local-work-2026-08)","exif raw DateTimeOriginal=2021-03-11 16:37:14, jpeg DateTimeOriginal=2021-03-11 16:37:14 | 정정(2026-09-04): download_url ""local (owner personal library)"" 라벨이 부정확했음 - 파일명(10자리 무작위 숫자)이 dpreview sample_galleries 다운로드 컨벤션과 일치, 사용자 확인. 정확한 갤러리 URL은 보존 안 됨 - 필요시 카메라 모델로 dpreview 샘플갤러리 재검색해서 복구."
5494115375.dng,7502364706.jpg,SIGMA fp L,LUMIX S 24-105/F4,100,auto,daylight,,,,"local (owner personal library, split local-work-2026-08)","exif raw DateTimeOriginal=2021-03-11 17:58:17, jpeg DateTimeOriginal=2021-03-11 17:58:17 | 정정(2026-09-04): download_url ""local (owner personal library)"" 라벨이 부정확했음 - 파일명(10자리 무작위 숫자)이 dpreview sample_galleries 다운로드 컨벤션과 일치, 사용자 확인. 정확한 갤러리 URL은 보존 안 됨 - 필요시 카메라 모델로 dpreview 샘플갤러리 재검색해서 복구."
1369739368.dng,3236521019.jpg,SIGMA fp L,LUMIX S 24-105/F4,100,auto,daylight,,,,"local (owner personal library, split local-work-2026-08)","exif raw DateTimeOriginal=2021-03-11 17:59:03, jpeg DateTimeOriginal=2021-03-11 17:59:03 | 정정(2026-09-04): download_url ""local (owner personal library)"" 라벨이 부정확했음 - 파일명(10자리 무작위 숫자)이 dpreview sample_galleries 다운로드 컨벤션과 일치, 사용자 확인. 정확한 갤러리 URL은 보존 안 됨 - 필요시 카메라 모델로 dpreview 샘플갤러리 재검색해서 복구."
6336901187.dng,4365199508.jpg,SIGMA fp L,LUMIX S 24-105/F4,100,auto,daylight,,,,"local (owner personal library, split local-work-2026-08)","exif raw DateTimeOriginal=2021-03-11 18:00:20, jpeg DateTimeOriginal=2021-03-11 18:00:20 | 정정(2026-09-04): download_url ""local (owner personal library)"" 라벨이 부정확했음 - 파일명(10자리 무작위 숫자)이 dpreview sample_galleries 다운로드 컨벤션과 일치, 사용자 확인. 정확한 갤러리 URL은 보존 안 됨 - 필요시 카메라 모델로 dpreview 샘플갤러리 재검색해서 복구."
7378791854.dng,8019596407.jpg,SIGMA fp L,28 - 70mm F2.8 DG DN | Contemporary 021,100,auto,daylight,,,,"local (owner personal library, split local-work-2026-08)","exif raw DateTimeOriginal=2021-03-17 14:27:09, jpeg DateTimeOriginal=2021-03-17 14:27:09 | 정정(2026-09-04): download_url ""local (owner personal library)"" 라벨이 부정확했음 - 파일명(10자리 무작위 숫자)이 dpreview sample_galleries 다운로드 컨벤션과 일치, 사용자 확인. 정확한 갤러리 URL은 보존 안 됨 - 필요시 카메라 모델로 dpreview 샘플갤러리 재검색해서 복구."
8971534030.dng,7090206167.jpg,SIGMA fp L,28 - 70mm F2.8 DG DN | Contemporary 021,640,auto,lowlight,,,,"local (owner personal library, split local-work-2026-08)","exif raw DateTimeOriginal=2021-03-17 14:29:02, jpeg DateTimeOriginal=2021-03-17 14:29:02 | 정정(2026-09-04): download_url ""local (owner personal library)"" 라벨이 부정확했음 - 파일명(10자리 무작위 숫자)이 dpreview sample_galleries 다운로드 컨벤션과 일치, 사용자 확인. 정확한 갤러리 URL은 보존 안 됨 - 필요시 카메라 모델로 dpreview 샘플갤러리 재검색해서 복구."
8916674494.dng,0647037711.jpg,SIGMA fp L,28 - 70mm F2.8 DG DN | Contemporary 021,100,auto,daylight,,,,"local (owner personal library, split local-work-2026-08)","exif raw DateTimeOriginal=2021-03-17 14:29:58, jpeg DateTimeOriginal=2021-03-17 14:29:58 | 정정(2026-09-04): download_url ""local (owner personal library)"" 라벨이 부정확했음 - 파일명(10자리 무작위 숫자)이 dpreview sample_galleries 다운로드 컨벤션과 일치, 사용자 확인. 정확한 갤러리 URL은 보존 안 됨 - 필요시 카메라 모델로 dpreview 샘플갤러리 재검색해서 복구."
7033379215.dng,5655563531.jpg,SIGMA fp L,28 - 70mm F2.8 DG DN | Contemporary 021,125,auto,daylight,,,,"local (owner personal library, split local-work-2026-08)","exif raw DateTimeOriginal=2021-03-17 14:30:34, jpeg DateTimeOriginal=2021-03-17 14:30:34 | 정정(2026-09-04): download_url ""local (owner personal library)"" 라벨이 부정확했음 - 파일명(10자리 무작위 숫자)이 dpreview sample_galleries 다운로드 컨벤션과 일치, 사용자 확인. 정확한 갤러리 URL은 보존 안 됨 - 필요시 카메라 모델로 dpreview 샘플갤러리 재검색해서 복구."
9314890801.dng,9058172082.jpg,SIGMA fp L,28 - 70mm F2.8 DG DN | Contemporary 021,100,auto,daylight,,,,"local (owner personal library, split local-work-2026-08)","exif raw DateTimeOriginal=2021-03-17 14:32:23, jpeg DateTimeOriginal=2021-03-17 14:32:23 | 정정(2026-09-04): download_url ""local (owner personal library)"" 라벨이 부정확했음 - 파일명(10자리 무작위 숫자)이 dpreview sample_galleries 다운로드 컨벤션과 일치, 사용자 확인. 정확한 갤러리 URL은 보존 안 됨 - 필요시 카메라 모델로 dpreview 샘플갤러리 재검색해서 복구."
6149789160.dng,8856370487.jpg,SIGMA fp L,28 - 70mm F2.8 DG DN | Contemporary 021,160,auto,daylight,,,,"local (owner personal library, split local-work-2026-08)","exif raw DateTimeOriginal=2021-03-17 14:32:52, jpeg DateTimeOriginal=2021-03-17 14:32:52 | 정정(2026-09-04): download_url ""local (owner personal library)"" 라벨이 부정확했음 - 파일명(10자리 무작위 숫자)이 dpreview sample_galleries 다운로드 컨벤션과 일치, 사용자 확인. 정확한 갤러리 URL은 보존 안 됨 - 필요시 카메라 모델로 dpreview 샘플갤러리 재검색해서 복구."
4931060607.dng,2519790729.jpg,SIGMA fp L,28 - 70mm F2.8 DG DN | Contemporary 021,125,auto,daylight,,,,"local (owner personal library, split local-work-2026-08)","exif raw DateTimeOriginal=2021-03-17 14:38:05, jpeg DateTimeOriginal=2021-03-17 14:38:05 | 정정(2026-09-04): download_url ""local (owner personal library)"" 라벨이 부정확했음 - 파일명(10자리 무작위 숫자)이 dpreview sample_galleries 다운로드 컨벤션과 일치, 사용자 확인. 정확한 갤러리 URL은 보존 안 됨 - 필요시 카메라 모델로 dpreview 샘플갤러리 재검색해서 복구."
4961762475.dng,4087176640.jpg,SIGMA fp L,28 - 70mm F2.8 DG DN | Contemporary 021,100,auto,daylight,,,,"local (owner personal library, split local-work-2026-08)","exif raw DateTimeOriginal=2021-03-17 14:39:24, jpeg DateTimeOriginal=2021-03-17 14:39:24 | 정정(2026-09-04): download_url ""local (owner personal library)"" 라벨이 부정확했음 - 파일명(10자리 무작위 숫자)이 dpreview sample_galleries 다운로드 컨벤션과 일치, 사용자 확인. 정확한 갤러리 URL은 보존 안 됨 - 필요시 카메라 모델로 dpreview 샘플갤러리 재검색해서 복구."
6538901701.dng,6175657783.jpg,SIGMA fp L,28 - 70mm F2.8 DG DN | Contemporary 021,100,auto,daylight,,,,"local (owner personal library, split local-work-2026-08)","exif raw DateTimeOriginal=2021-03-17 14:40:02, jpeg DateTimeOriginal=2021-03-17 14:40:02 | 정정(2026-09-04): download_url ""local (owner personal library)"" 라벨이 부정확했음 - 파일명(10자리 무작위 숫자)이 dpreview sample_galleries 다운로드 컨벤션과 일치, 사용자 확인. 정확한 갤러리 URL은 보존 안 됨 - 필요시 카메라 모델로 dpreview 샘플갤러리 재검색해서 복구."
3299647082.dng,6127115272.jpg,SIGMA fp L,28 - 70mm F2.8 DG DN | Contemporary 021,100,auto,daylight,,,,"local (owner personal library, split local-work-2026-08)","exif raw DateTimeOriginal=2021-03-17 14:41:00, jpeg DateTimeOriginal=2021-03-17 14:41:00 | 정정(2026-09-04): download_url ""local (owner personal library)"" 라벨이 부정확했음 - 파일명(10자리 무작위 숫자)이 dpreview sample_galleries 다운로드 컨벤션과 일치, 사용자 확인. 정확한 갤러리 URL은 보존 안 됨 - 필요시 카메라 모델로 dpreview 샘플갤러리 재검색해서 복구."
2118823777.dng,0463054142.jpg,SIGMA fp L,28 - 70mm F2.8 DG DN | Contemporary 021,100,auto,daylight,,,,"local (owner personal library, split local-work-2026-08)","exif raw DateTimeOriginal=2021-03-17 14:41:45, jpeg DateTimeOriginal=2021-03-17 14:41:45 | 정정(2026-09-04): download_url ""local (owner personal library)"" 라벨이 부정확했음 - 파일명(10자리 무작위 숫자)이 dpreview sample_galleries 다운로드 컨벤션과 일치, 사용자 확인. 정확한 갤러리 URL은 보존 안 됨 - 필요시 카메라 모델로 dpreview 샘플갤러리 재검색해서 복구."
7075058841.dng,5245914745.jpg,SIGMA fp L,28 - 70mm F2.8 DG DN | Contemporary 021,200,auto,daylight,,,,"local (owner personal library, split local-work-2026-08)","exif raw DateTimeOriginal=2021-03-17 14:51:53, jpeg DateTimeOriginal=2021-03-17 14:51:53 | 정정(2026-09-04): download_url ""local (owner personal library)"" 라벨이 부정확했음 - 파일명(10자리 무작위 숫자)이 dpreview sample_galleries 다운로드 컨벤션과 일치, 사용자 확인. 정확한 갤러리 URL은 보존 안 됨 - 필요시 카메라 모델로 dpreview 샘플갤러리 재검색해서 복구."
6647644778.dng,2323600335.jpg,SIGMA fp L,28 - 70mm F2.8 DG DN | Contemporary 021,100,auto,daylight,,,,"local (owner personal library, split local-work-2026-08)","exif raw DateTimeOriginal=2021-03-17 14:52:48, jpeg DateTimeOriginal=2021-03-17 14:52:48 | 정정(2026-09-04): download_url ""local (owner personal library)"" 라벨이 부정확했음 - 파일명(10자리 무작위 숫자)이 dpreview sample_galleries 다운로드 컨벤션과 일치, 사용자 확인. 정확한 갤러리 URL은 보존 안 됨 - 필요시 카메라 모델로 dpreview 샘플갤러리 재검색해서 복구."
9746543748.dng,3329694002.jpg,SIGMA fp L,28 - 70mm F2.8 DG DN | Contemporary 021,2000,auto,lowlight,,,,"local (owner personal library, split local-work-2026-08)","exif raw DateTimeOriginal=2021-03-17 14:54:11, jpeg DateTimeOriginal=2021-03-17 14:54:11 | 정정(2026-09-04): download_url ""local (owner personal library)"" 라벨이 부정확했음 - 파일명(10자리 무작위 숫자)이 dpreview sample_galleries 다운로드 컨벤션과 일치, 사용자 확인. 정확한 갤러리 URL은 보존 안 됨 - 필요시 카메라 모델로 dpreview 샘플갤러리 재검색해서 복구."
2190396038.dng,0051491509.jpg,SIGMA fp L,28 - 70mm F2.8 DG DN | Contemporary 021,1250,auto,lowlight,,,,"local (owner personal library, split local-work-2026-08)","exif raw DateTimeOriginal=2021-03-17 14:55:19, jpeg DateTimeOriginal=2021-03-17 14:55:19 | 정정(2026-09-04): download_url ""local (owner personal library)"" 라벨이 부정확했음 - 파일명(10자리 무작위 숫자)이 dpreview sample_galleries 다운로드 컨벤션과 일치, 사용자 확인. 정확한 갤러리 URL은 보존 안 됨 - 필요시 카메라 모델로 dpreview 샘플갤러리 재검색해서 복구."
1221334163.dng,3201320131.jpg,SIGMA fp L,28 - 70mm F2.8 DG DN | Contemporary 021,160,auto,daylight,,,,"local (owner personal library, split local-work-2026-08)","exif raw DateTimeOriginal=2021-03-17 14:58:12, jpeg DateTimeOriginal=2021-03-17 14:58:12 | 정정(2026-09-04): download_url ""local (owner personal library)"" 라벨이 부정확했음 - 파일명(10자리 무작위 숫자)이 dpreview sample_galleries 다운로드 컨벤션과 일치, 사용자 확인. 정확한 갤러리 URL은 보존 안 됨 - 필요시 카메라 모델로 dpreview 샘플갤러리 재검색해서 복구."
6211681739.dng,0378493781.jpg,SIGMA fp L,28 - 70mm F2.8 DG DN | Contemporary 021,400,auto,lowlight,,,,"local (owner personal library, split local-work-2026-08)","exif raw DateTimeOriginal=2021-03-17 15:02:58, jpeg DateTimeOriginal=2021-03-17 15:02:58 | 정정(2026-09-04): download_url ""local (owner personal library)"" 라벨이 부정확했음 - 파일명(10자리 무작위 숫자)이 dpreview sample_galleries 다운로드 컨벤션과 일치, 사용자 확인. 정확한 갤러리 URL은 보존 안 됨 - 필요시 카메라 모델로 dpreview 샘플갤러리 재검색해서 복구."
4843511264.dng,3908430243.jpg,SIGMA fp L,28 - 70mm F2.8 DG DN | Contemporary 021,1000,auto,lowlight,,,,"local (owner personal library, split local-work-2026-08)","exif raw DateTimeOriginal=2021-03-17 15:05:32, jpeg DateTimeOriginal=2021-03-17 15:05:32 | 정정(2026-09-04): download_url ""local (owner personal library)"" 라벨이 부정확했음 - 파일명(10자리 무작위 숫자)이 dpreview sample_galleries 다운로드 컨벤션과 일치, 사용자 확인. 정확한 갤러리 URL은 보존 안 됨 - 필요시 카메라 모델로 dpreview 샘플갤러리 재검색해서 복구."
5939712236.dng,5913613511.jpg,SIGMA fp L,28 - 70mm F2.8 DG DN | Contemporary 021,100,auto,daylight,,,,"local (owner personal library, split local-work-2026-08)","exif raw DateTimeOriginal=2021-03-19 14:09:02, jpeg DateTimeOriginal=2021-03-19 14:09:02 | 정정(2026-09-04): download_url ""local (owner personal library)"" 라벨이 부정확했음 - 파일명(10자리 무작위 숫자)이 dpreview sample_galleries 다운로드 컨벤션과 일치, 사용자 확인. 정확한 갤러리 URL은 보존 안 됨 - 필요시 카메라 모델로 dpreview 샘플갤러리 재검색해서 복구."
0954393361.dng,6210825278.jpg,SIGMA fp L,28 - 70mm F2.8 DG DN | Contemporary 021,100,auto,daylight,,,,"local (owner personal library, split local-work-2026-08)","exif raw DateTimeOriginal=2021-03-19 14:10:47, jpeg DateTimeOriginal=2021-03-19 14:10:47 | 정정(2026-09-04): download_url ""local (owner personal library)"" 라벨이 부정확했음 - 파일명(10자리 무작위 숫자)이 dpreview sample_galleries 다운로드 컨벤션과 일치, 사용자 확인. 정확한 갤러리 URL은 보존 안 됨 - 필요시 카메라 모델로 dpreview 샘플갤러리 재검색해서 복구."
5606014241.dng,8966018600.jpg,SIGMA fp L,28 - 70mm F2.8 DG DN | Contemporary 021,100,auto,daylight,,,,"local (owner personal library, split local-work-2026-08)","exif raw DateTimeOriginal=2021-03-19 14:18:12, jpeg DateTimeOriginal=2021-03-19 14:18:12 | 정정(2026-09-04): download_url ""local (owner personal library)"" 라벨이 부정확했음 - 파일명(10자리 무작위 숫자)이 dpreview sample_galleries 다운로드 컨벤션과 일치, 사용자 확인. 정확한 갤러리 URL은 보존 안 됨 - 필요시 카메라 모델로 dpreview 샘플갤러리 재검색해서 복구."
4919822709.dng,5177284122.jpg,SIGMA fp L,28 - 70mm F2.8 DG DN | Contemporary 021,100,auto,daylight,,,,"local (owner personal library, split local-work-2026-08)","exif raw DateTimeOriginal=2021-03-19 14:24:42, jpeg DateTimeOriginal=2021-03-19 14:24:42 | 정정(2026-09-04): download_url ""local (owner personal library)"" 라벨이 부정확했음 - 파일명(10자리 무작위 숫자)이 dpreview sample_galleries 다운로드 컨벤션과 일치, 사용자 확인. 정확한 갤러리 URL은 보존 안 됨 - 필요시 카메라 모델로 dpreview 샘플갤러리 재검색해서 복구."
9082934470.dng,7480222044.jpg,SIGMA fp L,LUMIX S 85/F1.8,100,auto,daylight,,,,"local (owner personal library, split local-work-2026-08)","exif raw DateTimeOriginal=2021-03-19 14:42:29, jpeg DateTimeOriginal=2021-03-19 14:42:29 | 정정(2026-09-04): download_url ""local (owner personal library)"" 라벨이 부정확했음 - 파일명(10자리 무작위 숫자)이 dpreview sample_galleries 다운로드 컨벤션과 일치, 사용자 확인. 정확한 갤러리 URL은 보존 안 됨 - 필요시 카메라 모델로 dpreview 샘플갤러리 재검색해서 복구."
8312862690.dng,6319503095.jpg,SIGMA fp L,LUMIX S 85/F1.8,5000,auto,lowlight,,,,"local (owner personal library, split local-work-2026-08)","exif raw DateTimeOriginal=2021-03-19 18:36:48, jpeg DateTimeOriginal=2021-03-19 18:36:48 | 정정(2026-09-04): download_url ""local (owner personal library)"" 라벨이 부정확했음 - 파일명(10자리 무작위 숫자)이 dpreview sample_galleries 다운로드 컨벤션과 일치, 사용자 확인. 정확한 갤러리 URL은 보존 안 됨 - 필요시 카메라 모델로 dpreview 샘플갤러리 재검색해서 복구."
8667784083.dng,5498233843.jpg,SIGMA fp L,LUMIX S 85/F1.8,2500,auto,lowlight,,,,"local (owner personal library, split local-work-2026-08)","exif raw DateTimeOriginal=2021-03-19 18:44:15, jpeg DateTimeOriginal=2021-03-19 18:44:15 | 정정(2026-09-04): download_url ""local (owner personal library)"" 라벨이 부정확했음 - 파일명(10자리 무작위 숫자)이 dpreview sample_galleries 다운로드 컨벤션과 일치, 사용자 확인. 정확한 갤러리 URL은 보존 안 됨 - 필요시 카메라 모델로 dpreview 샘플갤러리 재검색해서 복구."
2488053722.dng,9455794406.jpg,SIGMA fp L,LUMIX S 85/F1.8,400,auto,lowlight,,,,"local (owner personal library, split local-work-2026-08)","exif raw DateTimeOriginal=2021-03-19 18:51:05, jpeg DateTimeOriginal=2021-03-19 18:51:05 | 정정(2026-09-04): download_url ""local (owner personal library)"" 라벨이 부정확했음 - 파일명(10자리 무작위 숫자)이 dpreview sample_galleries 다운로드 컨벤션과 일치, 사용자 확인. 정확한 갤러리 URL은 보존 안 됨 - 필요시 카메라 모델로 dpreview 샘플갤러리 재검색해서 복구."
7456447259.dng,7954461446.jpg,SIGMA fp L,LUMIX S 85/F1.8,800,auto,lowlight,,,,"local (owner personal library, split local-work-2026-08)","exif raw DateTimeOriginal=2021-03-19 18:57:44, jpeg DateTimeOriginal=2021-03-19 18:57:44, 주의: 동률 후보 있음(다른 raw/jpeg도 같은 비용으로 매칭 가능했음 - 전역 최적 배정이 임의로 하나를 골랐으니 수동 확인 권장) | 정정(2026-09-04): download_url ""local (owner personal library)"" 라벨이 부정확했음 - 파일명(10자리 무작위 숫자)이 dpreview sample_galleries 다운로드 컨벤션과 일치, 사용자 확인. 정확한 갤러리 URL은 보존 안 됨 - 필요시 카메라 모델로 dpreview 샘플갤러리 재검색해서 복구."
7797636607.dng,9404479571.jpg,SIGMA fp L,LUMIX S 85/F1.8,100,auto,daylight,,,,"local (owner personal library, split local-work-2026-08)","exif raw DateTimeOriginal=2021-03-23 18:26:20, jpeg DateTimeOriginal=2021-03-23 18:26:20 | 정정(2026-09-04): download_url ""local (owner personal library)"" 라벨이 부정확했음 - 파일명(10자리 무작위 숫자)이 dpreview sample_galleries 다운로드 컨벤션과 일치, 사용자 확인. 정확한 갤러리 URL은 보존 안 됨 - 필요시 카메라 모델로 dpreview 샘플갤러리 재검색해서 복구."
7021580800.dng,8301801760.jpg,Sigma BF,35mm F2 DG | Contemporary 020,5000,auto,lowlight,,,,"local (owner personal library, split local-work-2026-08)","exif raw DateTimeOriginal=2025-02-24 17:37:09, jpeg DateTimeOriginal=2025-02-24 17:37:09 | 정정(2026-09-04): download_url ""local (owner personal library)"" 라벨이 부정확했음 - 파일명(10자리 무작위 숫자)이 dpreview sample_galleries 다운로드 컨벤션과 일치, 사용자 확인. 정확한 갤러리 URL은 보존 안 됨 - 필요시 카메라 모델로 dpreview 샘플갤러리 재검색해서 복구."
3556845211.dng,5827397480.jpg,Sigma BF,35mm F2 DG | Contemporary 020,8000,auto,lowlight,,,,"local (owner personal library, split local-work-2026-08)","exif raw DateTimeOriginal=2025-02-24 17:48:09, jpeg DateTimeOriginal=2025-02-24 17:48:09 | 정정(2026-09-04): download_url ""local (owner personal library)"" 라벨이 부정확했음 - 파일명(10자리 무작위 숫자)이 dpreview sample_galleries 다운로드 컨벤션과 일치, 사용자 확인. 정확한 갤러리 URL은 보존 안 됨 - 필요시 카메라 모델로 dpreview 샘플갤러리 재검색해서 복구."
0424949814.dng,2719522446.jpg,Sigma BF,35mm F2 DG | Contemporary 020,8000,auto,lowlight,,,,"local (owner personal library, split local-work-2026-08)","exif raw DateTimeOriginal=2025-02-24 17:58:03, jpeg DateTimeOriginal=2025-02-24 17:58:03 | 정정(2026-09-04): download_url ""local (owner personal library)"" 라벨이 부정확했음 - 파일명(10자리 무작위 숫자)이 dpreview sample_galleries 다운로드 컨벤션과 일치, 사용자 확인. 정확한 갤러리 URL은 보존 안 됨 - 필요시 카메라 모델로 dpreview 샘플갤러리 재검색해서 복구."
7685047730.dng,0834623586.jpg,Sigma BF,35mm F2 DG | Contemporary 020,2500,auto,lowlight,,,,"local (owner personal library, split local-work-2026-08)","exif raw DateTimeOriginal=2025-02-24 17:59:35, jpeg DateTimeOriginal=2025-02-24 17:59:35 | 정정(2026-09-04): download_url ""local (owner personal library)"" 라벨이 부정확했음 - 파일명(10자리 무작위 숫자)이 dpreview sample_galleries 다운로드 컨벤션과 일치, 사용자 확인. 정확한 갤러리 URL은 보존 안 됨 - 필요시 카메라 모델로 dpreview 샘플갤러리 재검색해서 복구."
1280213837.dng,4380941908.jpg,Sigma BF,35mm F2 DG | Contemporary 020,2500,auto,lowlight,,,,"local (owner personal library, split local-work-2026-08)","exif raw DateTimeOriginal=2025-02-24 18:12:14, jpeg DateTimeOriginal=2025-02-24 18:12:14 | 정정(2026-09-04): download_url ""local (owner personal library)"" 라벨이 부정확했음 - 파일명(10자리 무작위 숫자)이 dpreview sample_galleries 다운로드 컨벤션과 일치, 사용자 확인. 정확한 갤러리 URL은 보존 안 됨 - 필요시 카메라 모델로 dpreview 샘플갤러리 재검색해서 복구."
5188079719.dng,6074436264.jpg,Sigma BF,35mm F2 DG | Contemporary 020,10000,auto,lowlight,,,,"local (owner personal library, split local-work-2026-08)","exif raw DateTimeOriginal=2025-02-24 18:13:55, jpeg DateTimeOriginal=2025-02-24 18:13:55 | 정정(2026-09-04): download_url ""local (owner personal library)"" 라벨이 부정확했음 - 파일명(10자리 무작위 숫자)이 dpreview sample_galleries 다운로드 컨벤션과 일치, 사용자 확인. 정확한 갤러리 URL은 보존 안 됨 - 필요시 카메라 모델로 dpreview 샘플갤러리 재검색해서 복구."
4775473107.dng,8541285498.jpg,Sigma BF,35mm F2 DG | Contemporary 020,12800,auto,lowlight,,,,"local (owner personal library, split local-work-2026-08)","exif raw DateTimeOriginal=2025-02-24 18:16:08, jpeg DateTimeOriginal=2025-02-24 18:16:08 | 정정(2026-09-04): download_url ""local (owner personal library)"" 라벨이 부정확했음 - 파일명(10자리 무작위 숫자)이 dpreview sample_galleries 다운로드 컨벤션과 일치, 사용자 확인. 정확한 갤러리 URL은 보존 안 됨 - 필요시 카메라 모델로 dpreview 샘플갤러리 재검색해서 복구."
1381592919.dng,4065320475.jpg,Sigma BF,35mm F2 DG | Contemporary 020,2000,auto,lowlight,,,,"local (owner personal library, split local-work-2026-08)","exif raw DateTimeOriginal=2025-02-24 19:41:37, jpeg DateTimeOriginal=2025-02-24 19:41:37 | 정정(2026-09-04): download_url ""local (owner personal library)"" 라벨이 부정확했음 - 파일명(10자리 무작위 숫자)이 dpreview sample_galleries 다운로드 컨벤션과 일치, 사용자 확인. 정확한 갤러리 URL은 보존 안 됨 - 필요시 카메라 모델로 dpreview 샘플갤러리 재검색해서 복구."
1280552934.dng,6342369305.jpg,Sigma BF,35mm F2 DG | Contemporary 020,400,auto,lowlight,,,,"local (owner personal library, split local-work-2026-08)","exif raw DateTimeOriginal=2025-02-25 09:37:19, jpeg DateTimeOriginal=2025-02-25 09:37:19 | 정정(2026-09-04): download_url ""local (owner personal library)"" 라벨이 부정확했음 - 파일명(10자리 무작위 숫자)이 dpreview sample_galleries 다운로드 컨벤션과 일치, 사용자 확인. 정확한 갤러리 URL은 보존 안 됨 - 필요시 카메라 모델로 dpreview 샘플갤러리 재검색해서 복구."
8041505093.dng,0467627808.jpg,Sigma BF,35mm F2 DG | Contemporary 020,400,auto,lowlight,,,,"local (owner personal library, split local-work-2026-08)","exif raw DateTimeOriginal=2025-02-25 09:55:28, jpeg DateTimeOriginal=2025-02-25 09:55:28 | 정정(2026-09-04): download_url ""local (owner personal library)"" 라벨이 부정확했음 - 파일명(10자리 무작위 숫자)이 dpreview sample_galleries 다운로드 컨벤션과 일치, 사용자 확인. 정확한 갤러리 URL은 보존 안 됨 - 필요시 카메라 모델로 dpreview 샘플갤러리 재검색해서 복구."
0833111245.dng,3742436231.jpg,Sigma BF,35mm F2 DG | Contemporary 020,1600,auto,lowlight,,,,"local (owner personal library, split local-work-2026-08)","exif raw DateTimeOriginal=2025-02-25 11:22:06, jpeg DateTimeOriginal=2025-02-25 11:22:06 | 정정(2026-09-04): download_url ""local (owner personal library)"" 라벨이 부정확했음 - 파일명(10자리 무작위 숫자)이 dpreview sample_galleries 다운로드 컨벤션과 일치, 사용자 확인. 정확한 갤러리 URL은 보존 안 됨 - 필요시 카메라 모델로 dpreview 샘플갤러리 재검색해서 복구."
3475579446.dng,7141232241.jpg,Sigma BF,35mm F2 DG | Contemporary 020,160,auto,daylight,,,,"local (owner personal library, split local-work-2026-08)","exif raw DateTimeOriginal=2025-02-25 11:33:32, jpeg DateTimeOriginal=2025-02-25 11:33:32 | 정정(2026-09-04): download_url ""local (owner personal library)"" 라벨이 부정확했음 - 파일명(10자리 무작위 숫자)이 dpreview sample_galleries 다운로드 컨벤션과 일치, 사용자 확인. 정확한 갤러리 URL은 보존 안 됨 - 필요시 카메라 모델로 dpreview 샘플갤러리 재검색해서 복구."
5925994358.dng,8653700826.jpg,Sigma BF,LUMIX S 20-60/F3.5-5.6,100,auto,daylight,,,,"local (owner personal library, split local-work-2026-08)","exif raw DateTimeOriginal=2025-02-25 11:38:21, jpeg DateTimeOriginal=2025-02-25 11:38:21 | 정정(2026-09-04): download_url ""local (owner personal library)"" 라벨이 부정확했음 - 파일명(10자리 무작위 숫자)이 dpreview sample_galleries 다운로드 컨벤션과 일치, 사용자 확인. 정확한 갤러리 URL은 보존 안 됨 - 필요시 카메라 모델로 dpreview 샘플갤러리 재검색해서 복구."
9855448132.dng,4515137368.jpg,Sigma BF,LUMIX S 20-60/F3.5-5.6,100,auto,daylight,,,,"local (owner personal library, split local-work-2026-08)","exif raw DateTimeOriginal=2025-02-25 11:39:40, jpeg DateTimeOriginal=2025-02-25 11:39:40 | 정정(2026-09-04): download_url ""local (owner personal library)"" 라벨이 부정확했음 - 파일명(10자리 무작위 숫자)이 dpreview sample_galleries 다운로드 컨벤션과 일치, 사용자 확인. 정확한 갤러리 URL은 보존 안 됨 - 필요시 카메라 모델로 dpreview 샘플갤러리 재검색해서 복구."
8768997300.dng,9533433733.jpg,Sigma BF,LUMIX S 20-60/F3.5-5.6,100,auto,daylight,,,,"local (owner personal library, split local-work-2026-08)","exif raw DateTimeOriginal=2025-02-25 12:34:45, jpeg DateTimeOriginal=2025-02-25 12:34:45 | 정정(2026-09-04): download_url ""local (owner personal library)"" 라벨이 부정확했음 - 파일명(10자리 무작위 숫자)이 dpreview sample_galleries 다운로드 컨벤션과 일치, 사용자 확인. 정확한 갤러리 URL은 보존 안 됨 - 필요시 카메라 모델로 dpreview 샘플갤러리 재검색해서 복구."
0382809266.dng,7434747282.jpg,Sigma BF,LUMIX S 20-60/F3.5-5.6,100,auto,daylight,,,,"local (owner personal library, split local-work-2026-08)","exif raw DateTimeOriginal=2025-02-25 13:18:11, jpeg DateTimeOriginal=2025-02-25 13:18:11, 주의: 동률 후보 있음(다른 raw/jpeg도 같은 비용으로 매칭 가능했음 - 전역 최적 배정이 임의로 하나를 골랐으니 수동 확인 권장) | 정정(2026-09-04): download_url ""local (owner personal library)"" 라벨이 부정확했음 - 파일명(10자리 무작위 숫자)이 dpreview sample_galleries 다운로드 컨벤션과 일치, 사용자 확인. 정확한 갤러리 URL은 보존 안 됨 - 필요시 카메라 모델로 dpreview 샘플갤러리 재검색해서 복구."
6419863471.dng,2374861834.jpg,Sigma BF,LUMIX S 20-60/F3.5-5.6,100,auto,daylight,,,,"local (owner personal library, split local-work-2026-08)","exif raw DateTimeOriginal=2025-02-25 13:18:11, jpeg DateTimeOriginal=2025-02-25 13:18:11, 주의: 동률 후보 있음(다른 raw/jpeg도 같은 비용으로 매칭 가능했음 - 전역 최적 배정이 임의로 하나를 골랐으니 수동 확인 권장) | 정정(2026-09-04): download_url ""local (owner personal library)"" 라벨이 부정확했음 - 파일명(10자리 무작위 숫자)이 dpreview sample_galleries 다운로드 컨벤션과 일치, 사용자 확인. 정확한 갤러리 URL은 보존 안 됨 - 필요시 카메라 모델로 dpreview 샘플갤러리 재검색해서 복구."
9368320411.dng,9849361604.jpg,Sigma BF,LUMIX S 20-60/F3.5-5.6,125,auto,daylight,,,,"local (owner personal library, split local-work-2026-08)","exif raw DateTimeOriginal=2025-02-25 13:18:52, jpeg DateTimeOriginal=2025-02-25 13:18:52 | 정정(2026-09-04): download_url ""local (owner personal library)"" 라벨이 부정확했음 - 파일명(10자리 무작위 숫자)이 dpreview sample_galleries 다운로드 컨벤션과 일치, 사용자 확인. 정확한 갤러리 URL은 보존 안 됨 - 필요시 카메라 모델로 dpreview 샘플갤러리 재검색해서 복구."
5596691546.dng,3827339379.jpg,Sigma BF,LUMIX S 20-60/F3.5-5.6,100,auto,daylight,,,,"local (owner personal library, split local-work-2026-08)","exif raw DateTimeOriginal=2025-02-25 13:21:25, jpeg DateTimeOriginal=2025-02-25 13:21:25 | 정정(2026-09-04): download_url ""local (owner personal library)"" 라벨이 부정확했음 - 파일명(10자리 무작위 숫자)이 dpreview sample_galleries 다운로드 컨벤션과 일치, 사용자 확인. 정확한 갤러리 URL은 보존 안 됨 - 필요시 카메라 모델로 dpreview 샘플갤러리 재검색해서 복구."
4238673021.dng,8742462568.jpg,Sigma BF,LUMIX S 20-60/F3.5-5.6,100,auto,daylight,,,,"local (owner personal library, split local-work-2026-08)","exif raw DateTimeOriginal=2025-02-25 13:22:22, jpeg DateTimeOriginal=2025-02-25 13:22:22 | 정정(2026-09-04): download_url ""local (owner personal library)"" 라벨이 부정확했음 - 파일명(10자리 무작위 숫자)이 dpreview sample_galleries 다운로드 컨벤션과 일치, 사용자 확인. 정확한 갤러리 URL은 보존 안 됨 - 필요시 카메라 모델로 dpreview 샘플갤러리 재검색해서 복구."
9733566765.dng,8925362357.jpg,Sigma BF,LUMIX S 20-60/F3.5-5.6,100,auto,daylight,,,,"local (owner personal library, split local-work-2026-08)","exif raw DateTimeOriginal=2025-02-25 13:22:43, jpeg DateTimeOriginal=2025-02-25 13:22:43 | 정정(2026-09-04): download_url ""local (owner personal library)"" 라벨이 부정확했음 - 파일명(10자리 무작위 숫자)이 dpreview sample_galleries 다운로드 컨벤션과 일치, 사용자 확인. 정확한 갤러리 URL은 보존 안 됨 - 필요시 카메라 모델로 dpreview 샘플갤러리 재검색해서 복구."
1386062139.dng,5777946354.jpg,Sigma BF,35mm F2 DG | Contemporary 020,4000,auto,lowlight,,,,"local (owner personal library, split local-work-2026-08)","exif raw DateTimeOriginal=2025-02-25 13:38:38, jpeg DateTimeOriginal=2025-02-25 13:38:38 | 정정(2026-09-04): download_url ""local (owner personal library)"" 라벨이 부정확했음 - 파일명(10자리 무작위 숫자)이 dpreview sample_galleries 다운로드 컨벤션과 일치, 사용자 확인. 정확한 갤러리 URL은 보존 안 됨 - 필요시 카메라 모델로 dpreview 샘플갤러리 재검색해서 복구."
7571453567.dng,1749243289.jpg,Sigma BF,35mm F2 DG | Contemporary 020,320,auto,lowlight,,,,"local (owner personal library, split local-work-2026-08)","exif raw DateTimeOriginal=2025-02-25 13:40:31, jpeg DateTimeOriginal=2025-02-25 13:40:31 | 정정(2026-09-04): download_url ""local (owner personal library)"" 라벨이 부정확했음 - 파일명(10자리 무작위 숫자)이 dpreview sample_galleries 다운로드 컨벤션과 일치, 사용자 확인. 정확한 갤러리 URL은 보존 안 됨 - 필요시 카메라 모델로 dpreview 샘플갤러리 재검색해서 복구."
1139958334.dng,1769354921.jpg,Sigma BF,LUMIX S 20-60/F3.5-5.6,100,auto,daylight,,,,"local (owner personal library, split local-work-2026-08)","exif raw DateTimeOriginal=2025-02-25 13:40:43, jpeg DateTimeOriginal=2025-02-25 13:40:43 | 정정(2026-09-04): download_url ""local (owner personal library)"" 라벨이 부정확했음 - 파일명(10자리 무작위 숫자)이 dpreview sample_galleries 다운로드 컨벤션과 일치, 사용자 확인. 정확한 갤러리 URL은 보존 안 됨 - 필요시 카메라 모델로 dpreview 샘플갤러리 재검색해서 복구."
7435112801.dng,0384391509.jpg,Sigma BF,35mm F2 DG | Contemporary 020,100,auto,daylight,,,,"local (owner personal library, split local-work-2026-08)","exif raw DateTimeOriginal=2025-02-25 13:41:20, jpeg DateTimeOriginal=2025-02-25 13:41:20 | 정정(2026-09-04): download_url ""local (owner personal library)"" 라벨이 부정확했음 - 파일명(10자리 무작위 숫자)이 dpreview sample_galleries 다운로드 컨벤션과 일치, 사용자 확인. 정확한 갤러리 URL은 보존 안 됨 - 필요시 카메라 모델로 dpreview 샘플갤러리 재검색해서 복구."
0258896759.dng,6072673957.jpg,Sigma BF,35mm F2 DG | Contemporary 020,320,auto,lowlight,,,,"local (owner personal library, split local-work-2026-08)","exif raw DateTimeOriginal=2025-02-25 13:44:08, jpeg DateTimeOriginal=2025-02-25 13:44:08 | 정정(2026-09-04): download_url ""local (owner personal library)"" 라벨이 부정확했음 - 파일명(10자리 무작위 숫자)이 dpreview sample_galleries 다운로드 컨벤션과 일치, 사용자 확인. 정확한 갤러리 URL은 보존 안 됨 - 필요시 카메라 모델로 dpreview 샘플갤러리 재검색해서 복구."
1168485739.dng,2135315340.jpg,Sigma BF,LUMIX S 20-60/F3.5-5.6,100,auto,daylight,,,,"local (owner personal library, split local-work-2026-08)","exif raw DateTimeOriginal=2025-02-25 13:46:03, jpeg DateTimeOriginal=2025-02-25 13:46:03 | 정정(2026-09-04): download_url ""local (owner personal library)"" 라벨이 부정확했음 - 파일명(10자리 무작위 숫자)이 dpreview sample_galleries 다운로드 컨벤션과 일치, 사용자 확인. 정확한 갤러리 URL은 보존 안 됨 - 필요시 카메라 모델로 dpreview 샘플갤러리 재검색해서 복구."
3978454094.dng,3412511950.jpg,Sigma BF,LUMIX S 20-60/F3.5-5.6,100,auto,daylight,,,,"local (owner personal library, split local-work-2026-08)","exif raw DateTimeOriginal=2025-02-25 13:52:34, jpeg DateTimeOriginal=2025-02-25 13:52:34 | 정정(2026-09-04): download_url ""local (owner personal library)"" 라벨이 부정확했음 - 파일명(10자리 무작위 숫자)이 dpreview sample_galleries 다운로드 컨벤션과 일치, 사용자 확인. 정확한 갤러리 URL은 보존 안 됨 - 필요시 카메라 모델로 dpreview 샘플갤러리 재검색해서 복구."
6524759739.dng,1687030300.jpg,Sigma BF,35mm F2 DG | Contemporary 020,200,auto,daylight,,,,"local (owner personal library, split local-work-2026-08)","exif raw DateTimeOriginal=2025-02-25 14:06:13, jpeg DateTimeOriginal=2025-02-25 14:06:13 | 정정(2026-09-04): download_url ""local (owner personal library)"" 라벨이 부정확했음 - 파일명(10자리 무작위 숫자)이 dpreview sample_galleries 다운로드 컨벤션과 일치, 사용자 확인. 정확한 갤러리 URL은 보존 안 됨 - 필요시 카메라 모델로 dpreview 샘플갤러리 재검색해서 복구."
0463518726.dng,2556189624.jpg,Sigma BF,35mm F2 DG | Contemporary 020,100,auto,daylight,,,,"local (owner personal library, split local-work-2026-08)","exif raw DateTimeOriginal=2025-02-25 14:38:30, jpeg DateTimeOriginal=2025-02-25 14:38:30 | 정정(2026-09-04): download_url ""local (owner personal library)"" 라벨이 부정확했음 - 파일명(10자리 무작위 숫자)이 dpreview sample_galleries 다운로드 컨벤션과 일치, 사용자 확인. 정확한 갤러리 URL은 보존 안 됨 - 필요시 카메라 모델로 dpreview 샘플갤러리 재검색해서 복구."
1369430825.dng,2419561326.jpg,Sigma BF,LUMIX S 20-60/F3.5-5.6,100,auto,daylight,,,,"local (owner personal library, split local-work-2026-08)","exif raw DateTimeOriginal=2025-02-25 15:32:55, jpeg DateTimeOriginal=2025-02-25 15:32:55 | 정정(2026-09-04): download_url ""local (owner personal library)"" 라벨이 부정확했음 - 파일명(10자리 무작위 숫자)이 dpreview sample_galleries 다운로드 컨벤션과 일치, 사용자 확인. 정확한 갤러리 URL은 보존 안 됨 - 필요시 카메라 모델로 dpreview 샘플갤러리 재검색해서 복구."
6671961276.dng,1781859010.jpg,Sigma BF,LUMIX S 20-60/F3.5-5.6,100,auto,daylight,,,,"local (owner personal library, split local-work-2026-08)","exif raw DateTimeOriginal=2025-02-25 15:35:40, jpeg DateTimeOriginal=2025-02-25 15:35:40 | 정정(2026-09-04): download_url ""local (owner personal library)"" 라벨이 부정확했음 - 파일명(10자리 무작위 숫자)이 dpreview sample_galleries 다운로드 컨벤션과 일치, 사용자 확인. 정확한 갤러리 URL은 보존 안 됨 - 필요시 카메라 모델로 dpreview 샘플갤러리 재검색해서 복구."
1110263176.dng,7935514466.jpg,Sigma BF,LUMIX S 20-60/F3.5-5.6,100,auto,daylight,,,,"local (owner personal library, split local-work-2026-08)","exif raw DateTimeOriginal=2025-02-25 15:41:10, jpeg DateTimeOriginal=2025-02-25 15:41:10 | 정정(2026-09-04): download_url ""local (owner personal library)"" 라벨이 부정확했음 - 파일명(10자리 무작위 숫자)이 dpreview sample_galleries 다운로드 컨벤션과 일치, 사용자 확인. 정확한 갤러리 URL은 보존 안 됨 - 필요시 카메라 모델로 dpreview 샘플갤러리 재검색해서 복구."
5370252560.dng,9345917589.jpg,Sigma BF,LUMIX S 20-60/F3.5-5.6,100,auto,daylight,,,,"local (owner personal library, split local-work-2026-08)","exif raw DateTimeOriginal=2025-02-25 15:54:51, jpeg DateTimeOriginal=2025-02-25 15:54:51 | 정정(2026-09-04): download_url ""local (owner personal library)"" 라벨이 부정확했음 - 파일명(10자리 무작위 숫자)이 dpreview sample_galleries 다운로드 컨벤션과 일치, 사용자 확인. 정확한 갤러리 URL은 보존 안 됨 - 필요시 카메라 모델로 dpreview 샘플갤러리 재검색해서 복구."
2714156037.dng,2380715143.jpg,Sigma BF,LUMIX S 20-60/F3.5-5.6,100,auto,daylight,,,,"local (owner personal library, split local-work-2026-08)","exif raw DateTimeOriginal=2025-02-25 15:55:10, jpeg DateTimeOriginal=2025-02-25 15:55:10 | 정정(2026-09-04): download_url ""local (owner personal library)"" 라벨이 부정확했음 - 파일명(10자리 무작위 숫자)이 dpreview sample_galleries 다운로드 컨벤션과 일치, 사용자 확인. 정확한 갤러리 URL은 보존 안 됨 - 필요시 카메라 모델로 dpreview 샘플갤러리 재검색해서 복구."
4981074255.dng,4138115018.jpg,Sigma BF,LUMIX S 20-60/F3.5-5.6,100,auto,daylight,,,,"local (owner personal library, split local-work-2026-08)","exif raw DateTimeOriginal=2025-02-25 15:58:18, jpeg DateTimeOriginal=2025-02-25 15:58:18 | 정정(2026-09-04): download_url ""local (owner personal library)"" 라벨이 부정확했음 - 파일명(10자리 무작위 숫자)이 dpreview sample_galleries 다운로드 컨벤션과 일치, 사용자 확인. 정확한 갤러리 URL은 보존 안 됨 - 필요시 카메라 모델로 dpreview 샘플갤러리 재검색해서 복구."
7944322265.dng,8925830857.jpg,Sigma BF,35mm F2 DG | Contemporary 020,100,auto,daylight,,,,"local (owner personal library, split local-work-2026-08)","exif raw DateTimeOriginal=2025-02-25 17:08:17, jpeg DateTimeOriginal=2025-02-25 17:08:17 | 정정(2026-09-04): download_url ""local (owner personal library)"" 라벨이 부정확했음 - 파일명(10자리 무작위 숫자)이 dpreview sample_galleries 다운로드 컨벤션과 일치, 사용자 확인. 정확한 갤러리 URL은 보존 안 됨 - 필요시 카메라 모델로 dpreview 샘플갤러리 재검색해서 복구."
9637359244.dng,2660957862.jpg,Sigma BF,35mm F2 DG | Contemporary 020,320,auto,lowlight,,,,"local (owner personal library, split local-work-2026-08)","exif raw DateTimeOriginal=2025-02-26 13:27:06, jpeg DateTimeOriginal=2025-02-26 13:27:06 | 정정(2026-09-04): download_url ""local (owner personal library)"" 라벨이 부정확했음 - 파일명(10자리 무작위 숫자)이 dpreview sample_galleries 다운로드 컨벤션과 일치, 사용자 확인. 정확한 갤러리 URL은 보존 안 됨 - 필요시 카메라 모델로 dpreview 샘플갤러리 재검색해서 복구."
0059400976.dng,9026274364.jpg,Sigma BF,35mm F2 DG | Contemporary 020,400,auto,lowlight,,,,"local (owner personal library, split local-work-2026-08)","exif raw DateTimeOriginal=2025-03-01 11:22:33, jpeg DateTimeOriginal=2025-03-01 11:22:33 | 정정(2026-09-04): download_url ""local (owner personal library)"" 라벨이 부정확했음 - 파일명(10자리 무작위 숫자)이 dpreview sample_galleries 다운로드 컨벤션과 일치, 사용자 확인. 정확한 갤러리 URL은 보존 안 됨 - 필요시 카메라 모델로 dpreview 샘플갤러리 재검색해서 복구."
7624607528.dng,9992092058.jpg,Sigma BF,35mm F2 DG | Contemporary 020,400,auto,lowlight,,,,"local (owner personal library, split local-work-2026-08)","exif raw DateTimeOriginal=2025-03-01 14:43:08, jpeg DateTimeOriginal=2025-03-01 14:43:08 | 정정(2026-09-04): download_url ""local (owner personal library)"" 라벨이 부정확했음 - 파일명(10자리 무작위 숫자)이 dpreview sample_galleries 다운로드 컨벤션과 일치, 사용자 확인. 정확한 갤러리 URL은 보존 안 됨 - 필요시 카메라 모델로 dpreview 샘플갤러리 재검색해서 복구."
9270111281.dng,8215371469.jpg,Sigma BF,35mm F2 DG | Contemporary 020,400,auto,lowlight,,,,"local (owner personal library, split local-work-2026-08)","exif raw DateTimeOriginal=2025-03-01 14:46:26, jpeg DateTimeOriginal=2025-03-01 14:46:26 | 정정(2026-09-04): download_url ""local (owner personal library)"" 라벨이 부정확했음 - 파일명(10자리 무작위 숫자)이 dpreview sample_galleries 다운로드 컨벤션과 일치, 사용자 확인. 정확한 갤러리 URL은 보존 안 됨 - 필요시 카메라 모델로 dpreview 샘플갤러리 재검색해서 복구."
8457825108.dng,5121697105.jpg,Sigma BF,35mm F2 DG | Contemporary 020,400,auto,lowlight,,,,"local (owner personal library, split local-work-2026-08)","exif raw DateTimeOriginal=2025-03-01 14:53:35, jpeg DateTimeOriginal=2025-03-01 14:53:35 | 정정(2026-09-04): download_url ""local (owner personal library)"" 라벨이 부정확했음 - 파일명(10자리 무작위 숫자)이 dpreview sample_galleries 다운로드 컨벤션과 일치, 사용자 확인. 정확한 갤러리 URL은 보존 안 됨 - 필요시 카메라 모델로 dpreview 샘플갤러리 재검색해서 복구."
4928069513.dng,0231214284.jpg,Sigma BF,35mm F2 DG | Contemporary 020,400,auto,lowlight,,,,"local (owner personal library, split local-work-2026-08)","exif raw DateTimeOriginal=2025-03-01 15:17:32, jpeg DateTimeOriginal=2025-03-01 15:17:32 | 정정(2026-09-04): download_url ""local (owner personal library)"" 라벨이 부정확했음 - 파일명(10자리 무작위 숫자)이 dpreview sample_galleries 다운로드 컨벤션과 일치, 사용자 확인. 정확한 갤러리 URL은 보존 안 됨 - 필요시 카메라 모델로 dpreview 샘플갤러리 재검색해서 복구."
9885894072.dng,2199891453.jpg,Sigma BF,35mm F2 DG | Contemporary 020,400,auto,lowlight,,,,"local (owner personal library, split local-work-2026-08)","exif raw DateTimeOriginal=2025-03-01 16:03:18, jpeg DateTimeOriginal=2025-03-01 16:03:18 | 정정(2026-09-04): download_url ""local (owner personal library)"" 라벨이 부정확했음 - 파일명(10자리 무작위 숫자)이 dpreview sample_galleries 다운로드 컨벤션과 일치, 사용자 확인. 정확한 갤러리 URL은 보존 안 됨 - 필요시 카메라 모델로 dpreview 샘플갤러리 재검색해서 복구."
4516784837.dng,4705103208.jpg,Sigma BF,35mm F2 DG | Contemporary 020,400,auto,lowlight,,,,"local (owner personal library, split local-work-2026-08)","exif raw DateTimeOriginal=2025-03-01 16:11:46, jpeg DateTimeOriginal=2025-03-01 16:11:46 | 정정(2026-09-04): download_url ""local (owner personal library)"" 라벨이 부정확했음 - 파일명(10자리 무작위 숫자)이 dpreview sample_galleries 다운로드 컨벤션과 일치, 사용자 확인. 정확한 갤러리 URL은 보존 안 됨 - 필요시 카메라 모델로 dpreview 샘플갤러리 재검색해서 복구."
8741104184.dng,9684022675.jpg,Sigma BF,35mm F2 DG | Contemporary 020,400,auto,lowlight,,,,"local (owner personal library, split local-work-2026-08)","exif raw DateTimeOriginal=2025-03-02 13:34:39, jpeg DateTimeOriginal=2025-03-02 13:34:39 | 정정(2026-09-04): download_url ""local (owner personal library)"" 라벨이 부정확했음 - 파일명(10자리 무작위 숫자)이 dpreview sample_galleries 다운로드 컨벤션과 일치, 사용자 확인. 정확한 갤러리 URL은 보존 안 됨 - 필요시 카메라 모델로 dpreview 샘플갤러리 재검색해서 복구."
0119623001.dng,9243641821.jpg,Sigma BF,35mm F2 DG | Contemporary 020,400,auto,lowlight,,,,"local (owner personal library, split local-work-2026-08)","exif raw DateTimeOriginal=2025-03-02 14:08:21, jpeg DateTimeOriginal=2025-03-02 14:08:21 | 정정(2026-09-04): download_url ""local (owner personal library)"" 라벨이 부정확했음 - 파일명(10자리 무작위 숫자)이 dpreview sample_galleries 다운로드 컨벤션과 일치, 사용자 확인. 정확한 갤러리 URL은 보존 안 됨 - 필요시 카메라 모델로 dpreview 샘플갤러리 재검색해서 복구."
7377104339.dng,3170881295.jpg,Sigma BF,35mm F2 DG | Contemporary 020,400,auto,lowlight,,,,"local (owner personal library, split local-work-2026-08)","exif raw DateTimeOriginal=2025-03-03 10:57:18, jpeg DateTimeOriginal=2025-03-03 10:57:18 | 정정(2026-09-04): download_url ""local (owner personal library)"" 라벨이 부정확했음 - 파일명(10자리 무작위 숫자)이 dpreview sample_galleries 다운로드 컨벤션과 일치, 사용자 확인. 정확한 갤러리 URL은 보존 안 됨 - 필요시 카메라 모델로 dpreview 샘플갤러리 재검색해서 복구."
5337652923.dng,9470704640.jpg,Sigma BF,35mm F2 DG | Contemporary 020,400,auto,lowlight,,,,"local (owner personal library, split local-work-2026-08)","exif raw DateTimeOriginal=2025-03-03 11:18:11, jpeg DateTimeOriginal=2025-03-03 11:18:11 | 정정(2026-09-04): download_url ""local (owner personal library)"" 라벨이 부정확했음 - 파일명(10자리 무작위 숫자)이 dpreview sample_galleries 다운로드 컨벤션과 일치, 사용자 확인. 정확한 갤러리 URL은 보존 안 됨 - 필요시 카메라 모델로 dpreview 샘플갤러리 재검색해서 복구."
2931964527.dng,9557440602.jpg,Sigma BF,35mm F2 DG | Contemporary 020,2000,auto,lowlight,,,,"local (owner personal library, split local-work-2026-08)","exif raw DateTimeOriginal=2025-03-10 08:55:02, jpeg DateTimeOriginal=2025-03-10 08:55:02 | 정정(2026-09-04): download_url ""local (owner personal library)"" 라벨이 부정확했음 - 파일명(10자리 무작위 숫자)이 dpreview sample_galleries 다운로드 컨벤션과 일치, 사용자 확인. 정확한 갤러리 URL은 보존 안 됨 - 필요시 카메라 모델로 dpreview 샘플갤러리 재검색해서 복구."
0403107831.dng,3517656832.jpg,Sigma BF,35mm F2 DG | Contemporary 020,5000,auto,lowlight,,,,"local (owner personal library, split local-work-2026-08)","exif raw DateTimeOriginal=2025-03-11 01:29:18, jpeg DateTimeOriginal=2025-03-11 01:29:18 | 정정(2026-09-04): download_url ""local (owner personal library)"" 라벨이 부정확했음 - 파일명(10자리 무작위 숫자)이 dpreview sample_galleries 다운로드 컨벤션과 일치, 사용자 확인. 정확한 갤러리 URL은 보존 안 됨 - 필요시 카메라 모델로 dpreview 샘플갤러리 재검색해서 복구."
