filename_raw,filename_jpeg,camera,lens,iso,wb_setting,scene_type,illuminant,download_url,notes
B_31325.3FR,B_31325.JPG,X2D II 100C,XCD 90V,50,auto,chart,,https://drive.google.com/file/d/1BNbyF6qlJoJ6gW2FQPr3H_pV2gH9psTa/view,"ColorChecker Classic 24-patch chart on black background. Contributed by GitHub user kmichels (Big_Rip4015 on Reddit) per issue #4. JPEG: https://drive.google.com/file/d/1E0tipXt2VNiMlj5vUjyVMSi5b3hpY5Zw/view. wb_setting=auto inferred (no explicit WhiteBalance/ColorTemperature EXIF tag in 3FR; AsShotNeutral=0.3688,1,0.5917 recorded)."
B_31326.3FR,B_31326.JPG,X2D II 100C,XCD 90V,50,auto,chart,,https://drive.google.com/file/d/1mwhxOjLrlYYpIxsMyZOeRQnWY7xnjv_f/view,"Same burst as B_31325 (chart series, 10 shots in 94s). JPEG: https://drive.google.com/file/d/1TvMszmVuIQnVUfHDONyogTmxB17t6mtL/view."
B_31327.3FR,B_31327.JPG,X2D II 100C,XCD 90V,50,auto,chart,,https://drive.google.com/file/d/1c3X0yJFTjSmeMXvy09Wk1bxw8gCFkXVG/view,"Same burst as B_31325 (chart series, 10 shots in 94s). JPEG: https://drive.google.com/file/d/1H03mo2Wdds-owABHnrkLPr8Ern862dtc/view."
B_31328.3FR,B_31328.JPG,X2D II 100C,XCD 90V,50,auto,chart,,https://drive.google.com/file/d/1G-YTPXarAIXFOvbl_AOpQDLen3T8QH00/view,"Same burst as B_31325 (chart series, 10 shots in 94s). JPEG: https://drive.google.com/file/d/1HVaPrIm_D8hLCF6xCyGXo2oFL2P1pOVv/view."
B_31329.3FR,B_31329.JPG,X2D II 100C,XCD 90V,50,auto,chart,,https://drive.google.com/file/d/1XZF3FEiRNBAaRWoLDIluMng7UeGZFWCD/view,"Same burst as B_31325 (chart series, 10 shots in 94s). JPEG: https://drive.google.com/file/d/1NqQ4lmkt2iXkg3VO2BrNIN2ctgJLMviN/view."
B_31330.3FR,B_31330.JPG,X2D II 100C,XCD 90V,50,auto,chart,,https://drive.google.com/file/d/1hgg5QH8IEaQ9uG2M_p5hgLkUbL6szH3Q/view,"Same burst as B_31325 (chart series, 10 shots in 94s). JPEG: https://drive.google.com/file/d/1QP_QCGDlGP03Wg_a73vTfcIQGVmw3zQT/view."
B_31331.3FR,B_31331.JPG,X2D II 100C,XCD 90V,50,auto,chart,,https://drive.google.com/file/d/1C0QbaMGmsYeoJgdNdyravvSDDo4JV1r_/view,"Same burst as B_31325 (chart series, 10 shots in 94s). JPEG: https://drive.google.com/file/d/16u4V1UG6NvJo4UFeyEbR22KXb_GHSPA4/view."
B_31332.3FR,B_31332.JPG,X2D II 100C,XCD 90V,50,auto,chart,,https://drive.google.com/file/d/1uFHk72Kh1ezyx6xurPl9HbCEj5IYBtnZ/view,"Same burst as B_31325 (chart series, 10 shots in 94s). JPEG: https://drive.google.com/file/d/11VdGejcWiwdXQjXqj8GuKvpVz1xM2V-U/view."
B_31333.3FR,B_31333.JPG,X2D II 100C,XCD 90V,50,auto,chart,,https://drive.google.com/file/d/1v-pKlaIm2PSgrLr03D7ySPGyf63h2ImY/view,"Same burst as B_31325 (chart series, 10 shots in 94s). JPEG: https://drive.google.com/file/d/1r9ofPYFySLf0CucJUZbbOFPhOP2lTY2K/view."
