camera,raw_url,jpg_url,raw_name,jpg_name
Ricoh GR IV,https://www.dpreview.com/wp-content/uploads/sample_galleries/L-7050652860/4024978768.dng,https://www.dpreview.com/wp-content/uploads/sample_galleries/L-7050652860/0531606551.jpg?original,4024978768.dng,0531606551.jpg
Ricoh GR IV,https://www.dpreview.com/wp-content/uploads/sample_galleries/L-7050652860/6069367571.dng,https://www.dpreview.com/wp-content/uploads/sample_galleries/L-7050652860/4400857902.jpg?original,6069367571.dng,4400857902.jpg
Ricoh GR IV,https://www.dpreview.com/wp-content/uploads/sample_galleries/L-7050652860/5554044612.dng,https://www.dpreview.com/wp-content/uploads/sample_galleries/L-7050652860/3299945950.jpg?original,5554044612.dng,3299945950.jpg
Ricoh GR IV,https://www.dpreview.com/wp-content/uploads/sample_galleries/L-7050652860/7694003938.dng,https://www.dpreview.com/wp-content/uploads/sample_galleries/L-7050652860/2122054519.jpg?original,7694003938.dng,2122054519.jpg
Ricoh GR IV,https://www.dpreview.com/wp-content/uploads/sample_galleries/L-7050652860/5670754027.dng,https://www.dpreview.com/wp-content/uploads/sample_galleries/L-7050652860/5528697672.jpg?original,5670754027.dng,5528697672.jpg
Ricoh GR IV,https://www.dpreview.com/wp-content/uploads/sample_galleries/L-7050652860/1024732252.dng,https://www.dpreview.com/wp-content/uploads/sample_galleries/L-7050652860/3364558151.jpg?original,1024732252.dng,3364558151.jpg
Ricoh GR IV,https://www.dpreview.com/wp-content/uploads/sample_galleries/L-7050652860/7038494271.dng,https://www.dpreview.com/wp-content/uploads/sample_galleries/L-7050652860/2586960386.jpg?original,7038494271.dng,2586960386.jpg
Ricoh GR IV,https://www.dpreview.com/wp-content/uploads/sample_galleries/L-7050652860/1859238164.dng,https://www.dpreview.com/wp-content/uploads/sample_galleries/L-7050652860/4249075206.jpg?original,1859238164.dng,4249075206.jpg
Ricoh GR IV,https://www.dpreview.com/wp-content/uploads/sample_galleries/L-7050652860/3481157997.dng,https://www.dpreview.com/wp-content/uploads/sample_galleries/L-7050652860/6751266968.jpg?original,3481157997.dng,6751266968.jpg
Ricoh GR IV,https://www.dpreview.com/wp-content/uploads/sample_galleries/L-7050652860/4768042258.dng,https://www.dpreview.com/wp-content/uploads/sample_galleries/L-7050652860/9521909286.jpg?original,4768042258.dng,9521909286.jpg
Ricoh GR IV,https://www.dpreview.com/wp-content/uploads/sample_galleries/L-7050652860/2088064441.dng,https://www.dpreview.com/wp-content/uploads/sample_galleries/L-7050652860/6532226429.jpg?original,2088064441.dng,6532226429.jpg
Ricoh GR IV,https://www.dpreview.com/wp-content/uploads/sample_galleries/L-7050652860/6944301301.dng,https://www.dpreview.com/wp-content/uploads/sample_galleries/L-7050652860/5210879212.jpg?original,6944301301.dng,5210879212.jpg
Ricoh GR IV,https://www.dpreview.com/wp-content/uploads/sample_galleries/L-7050652860/8501728246.dng,https://www.dpreview.com/wp-content/uploads/sample_galleries/L-7050652860/5959806957.jpg?original,8501728246.dng,5959806957.jpg
Ricoh GR IV,https://www.dpreview.com/wp-content/uploads/sample_galleries/L-7050652860/8287856358.dng,https://www.dpreview.com/wp-content/uploads/sample_galleries/L-7050652860/4111612210.jpg?original,8287856358.dng,4111612210.jpg
Ricoh GR IV,https://www.dpreview.com/wp-content/uploads/sample_galleries/L-7050652860/9182216745.dng,https://www.dpreview.com/wp-content/uploads/sample_galleries/L-7050652860/4256797738.jpg?original,9182216745.dng,4256797738.jpg
Ricoh GR IV,https://www.dpreview.com/wp-content/uploads/sample_galleries/L-7050652860/3400949854.dng,https://www.dpreview.com/wp-content/uploads/sample_galleries/L-7050652860/8775207739.jpg?original,3400949854.dng,8775207739.jpg
Ricoh GR IV,https://www.dpreview.com/wp-content/uploads/sample_galleries/L-7050652860/6103352707.dng,https://www.dpreview.com/wp-content/uploads/sample_galleries/L-7050652860/3892999639.jpg?original,6103352707.dng,3892999639.jpg
Ricoh GR IV,https://www.dpreview.com/wp-content/uploads/sample_galleries/L-7050652860/1826462322.dng,https://www.dpreview.com/wp-content/uploads/sample_galleries/L-7050652860/9406252017.jpg?original,1826462322.dng,9406252017.jpg
Ricoh GR IV,https://www.dpreview.com/wp-content/uploads/sample_galleries/L-7050652860/7021495244.dng,https://www.dpreview.com/wp-content/uploads/sample_galleries/L-7050652860/9048775230.jpg?original,7021495244.dng,9048775230.jpg
Ricoh GR IV,https://www.dpreview.com/wp-content/uploads/sample_galleries/L-7050652860/2890528504.dng,https://www.dpreview.com/wp-content/uploads/sample_galleries/L-7050652860/0578698498.jpg?original,2890528504.dng,0578698498.jpg
Ricoh GR IV,https://www.dpreview.com/wp-content/uploads/sample_galleries/L-7050652860/8241872972.dng,https://www.dpreview.com/wp-content/uploads/sample_galleries/L-7050652860/8219071179.jpg?original,8241872972.dng,8219071179.jpg
Ricoh GR IV,https://www.dpreview.com/wp-content/uploads/sample_galleries/L-7050652860/6075508072.dng,https://www.dpreview.com/wp-content/uploads/sample_galleries/L-7050652860/6546025920.jpg?original,6075508072.dng,6546025920.jpg
Ricoh GR IV,https://www.dpreview.com/wp-content/uploads/sample_galleries/L-7050652860/1963357371.dng,https://www.dpreview.com/wp-content/uploads/sample_galleries/L-7050652860/7071862481.jpg?original,1963357371.dng,7071862481.jpg
Ricoh GR IV,https://www.dpreview.com/wp-content/uploads/sample_galleries/L-7050652860/1682161582.dng,https://www.dpreview.com/wp-content/uploads/sample_galleries/L-7050652860/0672675261.jpg?original,1682161582.dng,0672675261.jpg
Ricoh GR IV,https://www.dpreview.com/wp-content/uploads/sample_galleries/L-7050652860/6992105744.dng,https://www.dpreview.com/wp-content/uploads/sample_galleries/L-7050652860/2455466878.jpg?original,6992105744.dng,2455466878.jpg
Ricoh GR IV,https://www.dpreview.com/wp-content/uploads/sample_galleries/L-7050652860/0212023863.dng,https://www.dpreview.com/wp-content/uploads/sample_galleries/L-7050652860/8357988693.jpg?original,0212023863.dng,8357988693.jpg
Ricoh GR IV,https://www.dpreview.com/wp-content/uploads/sample_galleries/L-7050652860/5591664017.dng,https://www.dpreview.com/wp-content/uploads/sample_galleries/L-7050652860/8719478742.jpg?original,5591664017.dng,8719478742.jpg
Ricoh GR IV,https://www.dpreview.com/wp-content/uploads/sample_galleries/L-7050652860/8543660196.dng,https://www.dpreview.com/wp-content/uploads/sample_galleries/L-7050652860/3897825161.jpg?original,8543660196.dng,3897825161.jpg
Ricoh GR IV,https://www.dpreview.com/wp-content/uploads/sample_galleries/L-7050652860/5285393535.dng,https://www.dpreview.com/wp-content/uploads/sample_galleries/L-7050652860/0369835087.jpg?original,5285393535.dng,0369835087.jpg
Ricoh GR IV,https://www.dpreview.com/wp-content/uploads/sample_galleries/L-7050652860/8247413060.dng,https://www.dpreview.com/wp-content/uploads/sample_galleries/L-7050652860/4608823135.jpg?original,8247413060.dng,4608823135.jpg
Ricoh GR IV,https://www.dpreview.com/wp-content/uploads/sample_galleries/L-7050652860/0112655676.dng,https://www.dpreview.com/wp-content/uploads/sample_galleries/L-7050652860/8371748309.jpg?original,0112655676.dng,8371748309.jpg
Ricoh GR IV,https://www.dpreview.com/wp-content/uploads/sample_galleries/L-7050652860/5988854121.dng,https://www.dpreview.com/wp-content/uploads/sample_galleries/L-7050652860/6545022039.jpg?original,5988854121.dng,6545022039.jpg
Ricoh GR IV,https://www.dpreview.com/wp-content/uploads/sample_galleries/L-7050652860/3636480343.dng,https://www.dpreview.com/wp-content/uploads/sample_galleries/L-7050652860/7879458713.jpg?original,3636480343.dng,7879458713.jpg
Ricoh GR IV,https://www.dpreview.com/wp-content/uploads/sample_galleries/L-7050652860/0459402554.dng,https://www.dpreview.com/wp-content/uploads/sample_galleries/L-7050652860/3702210521.jpg?original,0459402554.dng,3702210521.jpg
Ricoh GR IV,https://www.dpreview.com/wp-content/uploads/sample_galleries/L-7050652860/1977497572.dng,https://www.dpreview.com/wp-content/uploads/sample_galleries/L-7050652860/6041334168.jpg?original,1977497572.dng,6041334168.jpg
