lens,jpg_url,raw_url
X2D 100C,https://www.dpreview.com/wp-content/uploads/sample_galleries/L-2016968818/3405794349.jpg,https://www.dpreview.com/wp-content/uploads/sample_galleries/L-2016968818/4236625428.3fr
X2D 100C,https://www.dpreview.com/wp-content/uploads/sample_galleries/L-2016968818/9089137980.jpg,https://www.dpreview.com/wp-content/uploads/sample_galleries/L-2016968818/8742913299.3fr
X2D 100C,https://www.dpreview.com/wp-content/uploads/sample_galleries/L-2016968818/7411457197.jpg,https://www.dpreview.com/wp-content/uploads/sample_galleries/L-2016968818/1094220000.3fr
X2D 100C,https://www.dpreview.com/wp-content/uploads/sample_galleries/L-2016968818/0012477635.jpg,https://www.dpreview.com/wp-content/uploads/sample_galleries/L-2016968818/5537240075.3fr
X2D 100C,https://www.dpreview.com/wp-content/uploads/sample_galleries/L-2016968818/7199999768.jpg,https://www.dpreview.com/wp-content/uploads/sample_galleries/L-2016968818/6660888354.3fr
X2D 100C,https://www.dpreview.com/wp-content/uploads/sample_galleries/L-2016968818/6854579132.jpg,https://www.dpreview.com/wp-content/uploads/sample_galleries/L-2016968818/7321006825.3fr
X2D 100C,https://www.dpreview.com/wp-content/uploads/sample_galleries/L-2016968818/8646870132.jpg,https://www.dpreview.com/wp-content/uploads/sample_galleries/L-2016968818/6454535758.3fr
X2D 100C,https://www.dpreview.com/wp-content/uploads/sample_galleries/L-2016968818/3547299535.jpg,https://www.dpreview.com/wp-content/uploads/sample_galleries/L-2016968818/5746737497.3fr
X2D 100C,https://www.dpreview.com/wp-content/uploads/sample_galleries/L-2016968818/4307602937.jpg,https://www.dpreview.com/wp-content/uploads/sample_galleries/L-2016968818/9515423899.3fr
X2D 100C,https://www.dpreview.com/wp-content/uploads/sample_galleries/L-2016968818/2921126274.jpg,https://www.dpreview.com/wp-content/uploads/sample_galleries/L-2016968818/6787000086.3fr
X2D 100C,https://www.dpreview.com/wp-content/uploads/sample_galleries/L-2016968818/1735498036.jpg,https://www.dpreview.com/wp-content/uploads/sample_galleries/L-2016968818/7826992126.3fr
X2D 100C,https://www.dpreview.com/wp-content/uploads/sample_galleries/L-2016968818/7285888480.jpg,https://www.dpreview.com/wp-content/uploads/sample_galleries/L-2016968818/7492975828.3fr
X2D 100C,https://www.dpreview.com/wp-content/uploads/sample_galleries/L-2016968818/2066214993.jpg,https://www.dpreview.com/wp-content/uploads/sample_galleries/L-2016968818/3953661245.3fr
X2D 100C,https://www.dpreview.com/wp-content/uploads/sample_galleries/L-2016968818/8224727940.jpg,https://www.dpreview.com/wp-content/uploads/sample_galleries/L-2016968818/8082395282.3fr
X2D 100C,https://www.dpreview.com/wp-content/uploads/sample_galleries/L-2016968818/1581523261.jpg,https://www.dpreview.com/wp-content/uploads/sample_galleries/L-2016968818/8647104982.3fr
X2D 100C,https://www.dpreview.com/wp-content/uploads/sample_galleries/L-2016968818/7701402040.jpg,https://www.dpreview.com/wp-content/uploads/sample_galleries/L-2016968818/9428557073.3fr
X2D 100C,https://www.dpreview.com/wp-content/uploads/sample_galleries/L-2016968818/2006884476.jpg,https://www.dpreview.com/wp-content/uploads/sample_galleries/L-2016968818/5930928010.3fr
X2D 100C,https://www.dpreview.com/wp-content/uploads/sample_galleries/L-2016968818/6646042785.jpg,https://www.dpreview.com/wp-content/uploads/sample_galleries/L-2016968818/8204307982.3fr
X2D 100C,https://www.dpreview.com/wp-content/uploads/sample_galleries/L-2016968818/5367364984.jpg,https://www.dpreview.com/wp-content/uploads/sample_galleries/L-2016968818/5533274085.3fr
X2D 100C,https://www.dpreview.com/wp-content/uploads/sample_galleries/L-2016968818/6053674087.jpg,https://www.dpreview.com/wp-content/uploads/sample_galleries/L-2016968818/1932636179.3fr
X2D 100C,https://www.dpreview.com/wp-content/uploads/sample_galleries/L-2016968818/0411311604.jpg,https://www.dpreview.com/wp-content/uploads/sample_galleries/L-2016968818/6311094775.3fr
X2D 100C,https://www.dpreview.com/wp-content/uploads/sample_galleries/L-2016968818/2538000907.jpg,https://www.dpreview.com/wp-content/uploads/sample_galleries/L-2016968818/7971015535.3fr
X2D 100C,https://www.dpreview.com/wp-content/uploads/sample_galleries/L-2016968818/0253621487.jpg,https://www.dpreview.com/wp-content/uploads/sample_galleries/L-2016968818/0587181218.3fr
X2D 100C,https://www.dpreview.com/wp-content/uploads/sample_galleries/L-2016968818/3454726730.jpg,https://www.dpreview.com/wp-content/uploads/sample_galleries/L-2016968818/3832345792.3fr
X2D 100C,https://www.dpreview.com/wp-content/uploads/sample_galleries/L-2016968818/8283607695.jpg,https://www.dpreview.com/wp-content/uploads/sample_galleries/L-2016968818/8127122405.3fr
X2D 100C,https://www.dpreview.com/wp-content/uploads/sample_galleries/L-2016968818/0898962364.jpg,https://www.dpreview.com/wp-content/uploads/sample_galleries/L-2016968818/0149725587.3fr
X2D 100C,https://www.dpreview.com/wp-content/uploads/sample_galleries/L-2016968818/3455756998.jpg,https://www.dpreview.com/wp-content/uploads/sample_galleries/L-2016968818/3260553927.3fr
X1D,https://www.dpreview.com/wp-content/uploads/sample_galleries/L-4234210046/7117150997.jpg,https://www.dpreview.com/wp-content/uploads/sample_galleries/L-4234210046/7873666735.3fr
X1D,https://www.dpreview.com/wp-content/uploads/sample_galleries/L-4234210046/4409202029.jpg,https://www.dpreview.com/wp-content/uploads/sample_galleries/L-4234210046/8334146208.3fr
X1D,https://www.dpreview.com/wp-content/uploads/sample_galleries/L-4234210046/1836081861.jpg,https://www.dpreview.com/wp-content/uploads/sample_galleries/L-4234210046/2648677099.3fr
X1D,https://www.dpreview.com/wp-content/uploads/sample_galleries/L-4234210046/0592850406.jpg,https://www.dpreview.com/wp-content/uploads/sample_galleries/L-4234210046/0281972813.3fr
X1D,https://www.dpreview.com/wp-content/uploads/sample_galleries/L-4234210046/1943280624.jpg,https://www.dpreview.com/wp-content/uploads/sample_galleries/L-4234210046/6880681261.3fr
X1D,https://www.dpreview.com/wp-content/uploads/sample_galleries/L-4234210046/3168873830.jpg,https://www.dpreview.com/wp-content/uploads/sample_galleries/L-4234210046/5540727519.3fr
X1D,https://www.dpreview.com/wp-content/uploads/sample_galleries/L-4234210046/7592602729.jpg,https://www.dpreview.com/wp-content/uploads/sample_galleries/L-4234210046/7442520778.3fr
X1D,https://www.dpreview.com/wp-content/uploads/sample_galleries/L-4234210046/0126791254.jpg,https://www.dpreview.com/wp-content/uploads/sample_galleries/L-4234210046/3177190440.3fr
X1D,https://www.dpreview.com/wp-content/uploads/sample_galleries/L-4234210046/0719780370.jpg,https://www.dpreview.com/wp-content/uploads/sample_galleries/L-4234210046/9727274020.3fr
X1D,https://www.dpreview.com/wp-content/uploads/sample_galleries/L-4234210046/8877753037.jpg,https://www.dpreview.com/wp-content/uploads/sample_galleries/L-4234210046/6920359804.3fr
X1D,https://www.dpreview.com/wp-content/uploads/sample_galleries/L-4234210046/0864895564.jpg,https://www.dpreview.com/wp-content/uploads/sample_galleries/L-4234210046/5075642105.3fr
X1D,https://www.dpreview.com/wp-content/uploads/sample_galleries/L-4234210046/4541223792.jpg,https://www.dpreview.com/wp-content/uploads/sample_galleries/L-4234210046/9427558847.3fr
X1D,https://www.dpreview.com/wp-content/uploads/sample_galleries/L-4234210046/4870420459.jpg,https://www.dpreview.com/wp-content/uploads/sample_galleries/L-4234210046/6507810936.3fr
X1D,https://www.dpreview.com/wp-content/uploads/sample_galleries/L-4234210046/7265253303.jpg,https://www.dpreview.com/wp-content/uploads/sample_galleries/L-4234210046/0991193864.3fr
X1D,https://www.dpreview.com/wp-content/uploads/sample_galleries/L-4234210046/6605485118.jpg,https://www.dpreview.com/wp-content/uploads/sample_galleries/L-4234210046/5112663122.3fr
X1D,https://www.dpreview.com/wp-content/uploads/sample_galleries/L-4234210046/1865545322.jpg,https://www.dpreview.com/wp-content/uploads/sample_galleries/L-4234210046/5242442283.3fr
X1D,https://www.dpreview.com/wp-content/uploads/sample_galleries/L-4234210046/9521521891.jpg,https://www.dpreview.com/wp-content/uploads/sample_galleries/L-4234210046/0347363027.3fr
X1D,https://www.dpreview.com/wp-content/uploads/sample_galleries/L-4234210046/4231650099.jpg,https://www.dpreview.com/wp-content/uploads/sample_galleries/L-4234210046/9346683373.3fr
X1D,https://www.dpreview.com/wp-content/uploads/sample_galleries/L-4234210046/0469634640.jpg,https://www.dpreview.com/wp-content/uploads/sample_galleries/L-4234210046/5929809249.3fr
X1D,https://www.dpreview.com/wp-content/uploads/sample_galleries/L-4234210046/6856857236.jpg,https://www.dpreview.com/wp-content/uploads/sample_galleries/L-4234210046/1699770854.3fr
X1D,https://www.dpreview.com/wp-content/uploads/sample_galleries/L-4234210046/7770585966.jpg,https://www.dpreview.com/wp-content/uploads/sample_galleries/L-4234210046/1180335546.3fr
X1D,https://www.dpreview.com/wp-content/uploads/sample_galleries/L-4234210046/1047629792.jpg,https://www.dpreview.com/wp-content/uploads/sample_galleries/L-4234210046/7996715788.3fr
X1D,https://www.dpreview.com/wp-content/uploads/sample_galleries/L-4234210046/0564523484.jpg,https://www.dpreview.com/wp-content/uploads/sample_galleries/L-4234210046/9847365580.3fr
X1D,https://www.dpreview.com/wp-content/uploads/sample_galleries/L-4234210046/7293897959.jpg,https://www.dpreview.com/wp-content/uploads/sample_galleries/L-4234210046/3743832703.3fr
X1D,https://www.dpreview.com/wp-content/uploads/sample_galleries/L-4234210046/2409777103.jpg,https://www.dpreview.com/wp-content/uploads/sample_galleries/L-4234210046/2608594022.3fr
X1D,https://www.dpreview.com/wp-content/uploads/sample_galleries/L-4234210046/9658349692.jpg,https://www.dpreview.com/wp-content/uploads/sample_galleries/L-4234210046/2950775108.3fr
X1D,https://www.dpreview.com/wp-content/uploads/sample_galleries/L-4234210046/4827768582.jpg,https://www.dpreview.com/wp-content/uploads/sample_galleries/L-4234210046/9168120676.3fr
X1D,https://www.dpreview.com/wp-content/uploads/sample_galleries/L-4234210046/7305817929.jpg,https://www.dpreview.com/wp-content/uploads/sample_galleries/L-4234210046/0791674213.3fr
X1D,https://www.dpreview.com/wp-content/uploads/sample_galleries/L-4234210046/1631180832.jpg,https://www.dpreview.com/wp-content/uploads/sample_galleries/L-4234210046/4610580413.3fr
X1D,https://www.dpreview.com/wp-content/uploads/sample_galleries/L-4234210046/5878899318.jpg,https://www.dpreview.com/wp-content/uploads/sample_galleries/L-4234210046/8331603657.3fr
X1D,https://www.dpreview.com/wp-content/uploads/sample_galleries/L-4234210046/4753261838.jpg,https://www.dpreview.com/wp-content/uploads/sample_galleries/L-4234210046/0193698874.3fr
X1D,https://www.dpreview.com/wp-content/uploads/sample_galleries/L-4234210046/9999613811.jpg,https://www.dpreview.com/wp-content/uploads/sample_galleries/L-4234210046/9019804418.3fr
X1D,https://www.dpreview.com/wp-content/uploads/sample_galleries/L-4234210046/3361748634.jpg,https://www.dpreview.com/wp-content/uploads/sample_galleries/L-4234210046/6321873989.3fr
X1D,https://www.dpreview.com/wp-content/uploads/sample_galleries/L-4234210046/4908480694.jpg,https://www.dpreview.com/wp-content/uploads/sample_galleries/L-4234210046/1773505604.3fr
X1D,https://www.dpreview.com/wp-content/uploads/sample_galleries/L-4234210046/4672761280.jpg,https://www.dpreview.com/wp-content/uploads/sample_galleries/L-4234210046/3714290910.3fr
X1D,https://www.dpreview.com/wp-content/uploads/sample_galleries/L-4234210046/0979228186.jpg,https://www.dpreview.com/wp-content/uploads/sample_galleries/L-4234210046/2716295533.3fr
X1D,https://www.dpreview.com/wp-content/uploads/sample_galleries/L-4234210046/1395138718.jpg,https://www.dpreview.com/wp-content/uploads/sample_galleries/L-4234210046/5299164137.3fr
X1D,https://www.dpreview.com/wp-content/uploads/sample_galleries/L-4234210046/9628258822.jpg,https://www.dpreview.com/wp-content/uploads/sample_galleries/L-4234210046/8359103860.3fr
X1D,https://www.dpreview.com/wp-content/uploads/sample_galleries/L-4234210046/9437508570.jpg,https://www.dpreview.com/wp-content/uploads/sample_galleries/L-4234210046/6615407250.3fr
X1D,https://www.dpreview.com/wp-content/uploads/sample_galleries/L-4234210046/1766215320.jpg,https://www.dpreview.com/wp-content/uploads/sample_galleries/L-4234210046/4948360642.3fr
X1D,https://www.dpreview.com/wp-content/uploads/sample_galleries/L-4234210046/4301207604.jpg,https://www.dpreview.com/wp-content/uploads/sample_galleries/L-4234210046/7854910687.3fr
X1D,https://www.dpreview.com/wp-content/uploads/sample_galleries/L-4234210046/6743879841.jpg,https://www.dpreview.com/wp-content/uploads/sample_galleries/L-4234210046/5507068905.3fr
X1D,https://www.dpreview.com/wp-content/uploads/sample_galleries/L-4234210046/5540919867.jpg,https://www.dpreview.com/wp-content/uploads/sample_galleries/L-4234210046/8832903085.3fr
X1D,https://www.dpreview.com/wp-content/uploads/sample_galleries/L-4234210046/7558661809.jpg,https://www.dpreview.com/wp-content/uploads/sample_galleries/L-4234210046/1249097372.3fr
X1D,https://www.dpreview.com/wp-content/uploads/sample_galleries/L-4234210046/8206608899.jpg,https://www.dpreview.com/wp-content/uploads/sample_galleries/L-4234210046/5962139342.3fr
X1D,https://www.dpreview.com/wp-content/uploads/sample_galleries/L-4234210046/5695559483.jpg,https://www.dpreview.com/wp-content/uploads/sample_galleries/L-4234210046/9865636545.3fr
X1D,https://www.dpreview.com/wp-content/uploads/sample_galleries/L-4234210046/5218452371.jpg,https://www.dpreview.com/wp-content/uploads/sample_galleries/L-4234210046/3062263663.3fr
X1D,https://www.dpreview.com/wp-content/uploads/sample_galleries/L-4234210046/1000336344.jpg,https://www.dpreview.com/wp-content/uploads/sample_galleries/L-4234210046/7017428248.3fr
X1D,https://www.dpreview.com/wp-content/uploads/sample_galleries/L-4234210046/4140846582.jpg,https://www.dpreview.com/wp-content/uploads/sample_galleries/L-4234210046/7762862196.3fr
X1D,https://www.dpreview.com/wp-content/uploads/sample_galleries/L-4234210046/6612725294.jpg,https://www.dpreview.com/wp-content/uploads/sample_galleries/L-4234210046/8713165054.3fr
X1D,https://www.dpreview.com/wp-content/uploads/sample_galleries/L-4234210046/7357447886.jpg,https://www.dpreview.com/wp-content/uploads/sample_galleries/L-4234210046/4303608461.3fr
X1D,https://www.dpreview.com/wp-content/uploads/sample_galleries/L-4234210046/7017855353.jpg,https://www.dpreview.com/wp-content/uploads/sample_galleries/L-4234210046/7691682352.3fr
X2D 100C,https://www.dpreview.com/wp-content/uploads/sample_galleries/L-4239298554/1692371662.jpg,https://www.dpreview.com/wp-content/uploads/sample_galleries/L-4239298554/3981362314.3fr
X2D 100C,https://www.dpreview.com/wp-content/uploads/sample_galleries/L-4239298554/0807336900.jpg,https://www.dpreview.com/wp-content/uploads/sample_galleries/L-4239298554/2462814331.3fr
X2D 100C,https://www.dpreview.com/wp-content/uploads/sample_galleries/L-4239298554/8875871268.jpg,https://www.dpreview.com/wp-content/uploads/sample_galleries/L-4239298554/6994506799.3fr
X2D 100C,https://www.dpreview.com/wp-content/uploads/sample_galleries/L-4239298554/9018732986.jpg,https://www.dpreview.com/wp-content/uploads/sample_galleries/L-4239298554/6362530819.3fr
X2D 100C,https://www.dpreview.com/wp-content/uploads/sample_galleries/L-4239298554/7029278890.jpg,https://www.dpreview.com/wp-content/uploads/sample_galleries/L-4239298554/8786567187.3fr
X2D 100C,https://www.dpreview.com/wp-content/uploads/sample_galleries/L-4239298554/7569091755.jpg,https://www.dpreview.com/wp-content/uploads/sample_galleries/L-4239298554/0512413224.3fr
X2D 100C,https://www.dpreview.com/wp-content/uploads/sample_galleries/L-4239298554/3065612399.jpg,https://www.dpreview.com/wp-content/uploads/sample_galleries/L-4239298554/1325324446.3fr
X2D 100C,https://www.dpreview.com/wp-content/uploads/sample_galleries/L-4239298554/0937312580.jpg,https://www.dpreview.com/wp-content/uploads/sample_galleries/L-4239298554/5727340084.3fr
X2D 100C,https://www.dpreview.com/wp-content/uploads/sample_galleries/L-4239298554/3336893630.jpg,https://www.dpreview.com/wp-content/uploads/sample_galleries/L-4239298554/5752170428.3fr
X2D 100C,https://www.dpreview.com/wp-content/uploads/sample_galleries/L-4239298554/5856482351.jpg,https://www.dpreview.com/wp-content/uploads/sample_galleries/L-4239298554/3595978679.3fr
X2D 100C,https://www.dpreview.com/wp-content/uploads/sample_galleries/L-4239298554/9883106755.jpg,https://www.dpreview.com/wp-content/uploads/sample_galleries/L-4239298554/0970256922.3fr
X2D 100C,https://www.dpreview.com/wp-content/uploads/sample_galleries/L-4239298554/1500652176.jpg,https://www.dpreview.com/wp-content/uploads/sample_galleries/L-4239298554/6037718610.3fr
X2D 100C,https://www.dpreview.com/wp-content/uploads/sample_galleries/L-4239298554/1593578815.jpg,https://www.dpreview.com/wp-content/uploads/sample_galleries/L-4239298554/4754911759.3fr
X2D 100C,https://www.dpreview.com/wp-content/uploads/sample_galleries/L-4239298554/6012232687.jpg,https://www.dpreview.com/wp-content/uploads/sample_galleries/L-4239298554/7766043485.3fr
X2D 100C,https://www.dpreview.com/wp-content/uploads/sample_galleries/L-4239298554/3157274323.jpg,https://www.dpreview.com/wp-content/uploads/sample_galleries/L-4239298554/1772914463.3fr
X2D 100C,https://www.dpreview.com/wp-content/uploads/sample_galleries/L-4239298554/4512621322.jpg,https://www.dpreview.com/wp-content/uploads/sample_galleries/L-4239298554/5591342209.3fr
X2D 100C,https://www.dpreview.com/wp-content/uploads/sample_galleries/L-4239298554/2971006726.jpg,https://www.dpreview.com/wp-content/uploads/sample_galleries/L-4239298554/8578321983.3fr
X2D 100C,https://www.dpreview.com/wp-content/uploads/sample_galleries/L-4239298554/8820387606.jpg,https://www.dpreview.com/wp-content/uploads/sample_galleries/L-4239298554/9171285561.3fr
X2D 100C,https://www.dpreview.com/wp-content/uploads/sample_galleries/L-4239298554/0966382402.jpg,https://www.dpreview.com/wp-content/uploads/sample_galleries/L-4239298554/0174976521.3fr
X2D 100C,https://www.dpreview.com/wp-content/uploads/sample_galleries/L-4239298554/4683623226.jpg,https://www.dpreview.com/wp-content/uploads/sample_galleries/L-4239298554/5819164927.3fr
X2D 100C,https://www.dpreview.com/wp-content/uploads/sample_galleries/L-4239298554/3402641634.jpg,https://www.dpreview.com/wp-content/uploads/sample_galleries/L-4239298554/9576227135.3fr
X2D 100C,https://www.dpreview.com/wp-content/uploads/sample_galleries/L-4239298554/4890374947.jpg,https://www.dpreview.com/wp-content/uploads/sample_galleries/L-4239298554/2859447626.3fr
X2D 100C,https://www.dpreview.com/wp-content/uploads/sample_galleries/L-4239298554/9174721851.jpg,https://www.dpreview.com/wp-content/uploads/sample_galleries/L-4239298554/1517811662.3fr
X2D 100C,https://www.dpreview.com/wp-content/uploads/sample_galleries/L-4239298554/7273275022.jpg,https://www.dpreview.com/wp-content/uploads/sample_galleries/L-4239298554/3252446019.3fr
X2D 100C,https://www.dpreview.com/wp-content/uploads/sample_galleries/L-4239298554/7569585980.jpg,https://www.dpreview.com/wp-content/uploads/sample_galleries/L-4239298554/6834090523.3fr
X2D 100C,https://www.dpreview.com/wp-content/uploads/sample_galleries/L-4239298554/2711718049.jpg,https://www.dpreview.com/wp-content/uploads/sample_galleries/L-4239298554/9984253103.3fr
X2D 100C,https://www.dpreview.com/wp-content/uploads/sample_galleries/L-4239298554/3480208123.jpg,https://www.dpreview.com/wp-content/uploads/sample_galleries/L-4239298554/4665740686.3fr
X2D 100C,https://www.dpreview.com/wp-content/uploads/sample_galleries/L-4239298554/9764738358.jpg,https://www.dpreview.com/wp-content/uploads/sample_galleries/L-4239298554/5648738585.3fr
X2D 100C,https://www.dpreview.com/wp-content/uploads/sample_galleries/L-4239298554/5352638215.jpg,https://www.dpreview.com/wp-content/uploads/sample_galleries/L-4239298554/0880020828.3fr
X2D 100C,https://www.dpreview.com/wp-content/uploads/sample_galleries/L-4239298554/1143261820.jpg,https://www.dpreview.com/wp-content/uploads/sample_galleries/L-4239298554/6841245935.3fr
X2D 100C,https://www.dpreview.com/wp-content/uploads/sample_galleries/L-4239298554/6811314787.jpg,https://www.dpreview.com/wp-content/uploads/sample_galleries/L-4239298554/8321732863.3fr
X2D 100C,https://www.dpreview.com/wp-content/uploads/sample_galleries/L-4239298554/1194662963.jpg,https://www.dpreview.com/wp-content/uploads/sample_galleries/L-4239298554/4066228771.3fr
X2D 100C,https://www.dpreview.com/wp-content/uploads/sample_galleries/L-4239298554/8496700179.jpg,https://www.dpreview.com/wp-content/uploads/sample_galleries/L-4239298554/9860222596.3fr
X2D 100C,https://www.dpreview.com/wp-content/uploads/sample_galleries/L-4239298554/1883561994.jpg,https://www.dpreview.com/wp-content/uploads/sample_galleries/L-4239298554/9470944008.3fr
X2D 100C,https://www.dpreview.com/wp-content/uploads/sample_galleries/L-4239298554/3543359075.jpg,https://www.dpreview.com/wp-content/uploads/sample_galleries/L-4239298554/0656008199.3fr
X2D 100C,https://www.dpreview.com/wp-content/uploads/sample_galleries/L-4239298554/9477895072.jpg,https://www.dpreview.com/wp-content/uploads/sample_galleries/L-4239298554/4823044443.3fr
X2D 100C,https://www.dpreview.com/wp-content/uploads/sample_galleries/L-4239298554/4803860676.jpg,https://www.dpreview.com/wp-content/uploads/sample_galleries/L-4239298554/1833219685.3fr
X2D 100C,https://www.dpreview.com/wp-content/uploads/sample_galleries/L-4239298554/6685332443.jpg,https://www.dpreview.com/wp-content/uploads/sample_galleries/L-4239298554/1188410135.3fr
X2D 100C,https://www.dpreview.com/wp-content/uploads/sample_galleries/L-4239298554/7788768159.jpg,https://www.dpreview.com/wp-content/uploads/sample_galleries/L-4239298554/1097831660.3fr
X2D 100C,https://www.dpreview.com/wp-content/uploads/sample_galleries/L-4239298554/3881433750.jpg,https://www.dpreview.com/wp-content/uploads/sample_galleries/L-4239298554/8671272247.3fr
X2D 100C,https://www.dpreview.com/wp-content/uploads/sample_galleries/L-4239298554/9313443485.jpg,https://www.dpreview.com/wp-content/uploads/sample_galleries/L-4239298554/3350072742.3fr
X2D 100C,https://www.dpreview.com/wp-content/uploads/sample_galleries/L-4239298554/4543730880.jpg,https://www.dpreview.com/wp-content/uploads/sample_galleries/L-4239298554/4777366646.3fr
X2D 100C,https://www.dpreview.com/wp-content/uploads/sample_galleries/L-4239298554/9024236320.jpg,https://www.dpreview.com/wp-content/uploads/sample_galleries/L-4239298554/6492976229.3fr
X2D 100C,https://www.dpreview.com/wp-content/uploads/sample_galleries/L-4239298554/5053560072.jpg,https://www.dpreview.com/wp-content/uploads/sample_galleries/L-4239298554/4744299311.3fr
X2D 100C,https://www.dpreview.com/wp-content/uploads/sample_galleries/L-4239298554/0175016795.jpg,https://www.dpreview.com/wp-content/uploads/sample_galleries/L-4239298554/7201600472.3fr
X2D 100C,https://www.dpreview.com/wp-content/uploads/sample_galleries/L-4239298554/2861606828.jpg,https://www.dpreview.com/wp-content/uploads/sample_galleries/L-4239298554/9470869741.3fr
X2D 100C,https://www.dpreview.com/wp-content/uploads/sample_galleries/L-4239298554/2125997058.jpg,https://www.dpreview.com/wp-content/uploads/sample_galleries/L-4239298554/2860789325.3fr
X2D 100C,https://www.dpreview.com/wp-content/uploads/sample_galleries/L-4239298554/1535244596.jpg,https://www.dpreview.com/wp-content/uploads/sample_galleries/L-4239298554/2699582533.3fr
X2D 100C,https://www.dpreview.com/wp-content/uploads/sample_galleries/L-4239298554/3226888561.jpg,https://www.dpreview.com/wp-content/uploads/sample_galleries/L-4239298554/5890908324.3fr
X2D 100C,https://www.dpreview.com/wp-content/uploads/sample_galleries/L-4239298554/2657535043.jpg,https://www.dpreview.com/wp-content/uploads/sample_galleries/L-4239298554/5778428085.3fr
X2D 100C,https://www.dpreview.com/wp-content/uploads/sample_galleries/L-4239298554/9972868916.jpg,https://www.dpreview.com/wp-content/uploads/sample_galleries/L-4239298554/1449053263.3fr
X2D 100C,https://www.dpreview.com/wp-content/uploads/sample_galleries/L-4239298554/1093646733.jpg,https://www.dpreview.com/wp-content/uploads/sample_galleries/L-4239298554/6041447870.3fr
X2D 100C,https://www.dpreview.com/wp-content/uploads/sample_galleries/L-4239298554/0327795265.jpg,https://www.dpreview.com/wp-content/uploads/sample_galleries/L-4239298554/1393469859.3fr
X2D 100C,https://www.dpreview.com/wp-content/uploads/sample_galleries/L-4239298554/6365032008.jpg,https://www.dpreview.com/wp-content/uploads/sample_galleries/L-4239298554/9509612646.3fr
X2D 100C,https://www.dpreview.com/wp-content/uploads/sample_galleries/L-4239298554/9340930865.jpg,https://www.dpreview.com/wp-content/uploads/sample_galleries/L-4239298554/9061021189.3fr
X2D 100C,https://www.dpreview.com/wp-content/uploads/sample_galleries/L-4239298554/4990971781.jpg,https://www.dpreview.com/wp-content/uploads/sample_galleries/L-4239298554/3849163954.3fr
X2D 100C,https://www.dpreview.com/wp-content/uploads/sample_galleries/L-4239298554/5436123476.jpg,https://www.dpreview.com/wp-content/uploads/sample_galleries/L-4239298554/8628805055.3fr
X2D 100C,https://www.dpreview.com/wp-content/uploads/sample_galleries/L-4239298554/0593310269.jpg,https://www.dpreview.com/wp-content/uploads/sample_galleries/L-4239298554/8879760543.3fr
X2D 100C,https://www.dpreview.com/wp-content/uploads/sample_galleries/L-4239298554/9863682039.jpg,https://www.dpreview.com/wp-content/uploads/sample_galleries/L-4239298554/5233793886.3fr
X2D 100C,https://www.dpreview.com/wp-content/uploads/sample_galleries/L-4239298554/1482254904.jpg,https://www.dpreview.com/wp-content/uploads/sample_galleries/L-4239298554/0041848181.3fr
X2D 100C,https://www.dpreview.com/wp-content/uploads/sample_galleries/L-4239298554/7935711496.jpg,https://www.dpreview.com/wp-content/uploads/sample_galleries/L-4239298554/7916589754.3fr
X2D 100C,https://www.dpreview.com/wp-content/uploads/sample_galleries/L-4239298554/5682397560.jpg,https://www.dpreview.com/wp-content/uploads/sample_galleries/L-4239298554/1191830997.3fr
X2D 100C,https://www.dpreview.com/wp-content/uploads/sample_galleries/L-4239298554/4492367689.jpg,https://www.dpreview.com/wp-content/uploads/sample_galleries/L-4239298554/9489470585.3fr
X2D 100C,https://www.dpreview.com/wp-content/uploads/sample_galleries/L-4239298554/4694613767.jpg,https://www.dpreview.com/wp-content/uploads/sample_galleries/L-4239298554/7749773231.3fr
X2D 100C,https://www.dpreview.com/wp-content/uploads/sample_galleries/L-4239298554/9715716558.jpg,https://www.dpreview.com/wp-content/uploads/sample_galleries/L-4239298554/5417519226.3fr
X2D 100C,https://www.dpreview.com/wp-content/uploads/sample_galleries/L-4239298554/0857913050.jpg,https://www.dpreview.com/wp-content/uploads/sample_galleries/L-4239298554/5891910993.3fr
X2D 100C,https://www.dpreview.com/wp-content/uploads/sample_galleries/L-4239298554/1505718234.jpg,https://www.dpreview.com/wp-content/uploads/sample_galleries/L-4239298554/7883475232.3fr
X2D 100C,https://www.dpreview.com/wp-content/uploads/sample_galleries/L-4239298554/9923905862.jpg,https://www.dpreview.com/wp-content/uploads/sample_galleries/L-4239298554/2160043708.3fr
X2D 100C,https://www.dpreview.com/wp-content/uploads/sample_galleries/L-4239298554/7273186521.jpg,https://www.dpreview.com/wp-content/uploads/sample_galleries/L-4239298554/2171116719.3fr
X2D 100C,https://www.dpreview.com/wp-content/uploads/sample_galleries/L-4239298554/6408955619.jpg,https://www.dpreview.com/wp-content/uploads/sample_galleries/L-4239298554/4467079479.3fr
X2D 100C,https://www.dpreview.com/wp-content/uploads/sample_galleries/L-4239298554/4262127260.jpg,https://www.dpreview.com/wp-content/uploads/sample_galleries/L-4239298554/7682308461.3fr
X2D 100C,https://www.dpreview.com/wp-content/uploads/sample_galleries/L-4239298554/5181004631.jpg,https://www.dpreview.com/wp-content/uploads/sample_galleries/L-4239298554/3975710611.3fr
X2D 100C,https://www.dpreview.com/wp-content/uploads/sample_galleries/L-4239298554/4728129840.jpg,https://www.dpreview.com/wp-content/uploads/sample_galleries/L-4239298554/1703465868.3fr
X2D 100C,https://www.dpreview.com/wp-content/uploads/sample_galleries/L-4239298554/8302910408.jpg,https://www.dpreview.com/wp-content/uploads/sample_galleries/L-4239298554/1298800240.3fr
X2D 100C,https://www.dpreview.com/wp-content/uploads/sample_galleries/L-6142952057/1347342568.jpg,https://www.dpreview.com/wp-content/uploads/sample_galleries/L-6142952057/1613830905.3fr
X2D 100C,https://www.dpreview.com/wp-content/uploads/sample_galleries/L-6142952057/3628807872.jpg,https://www.dpreview.com/wp-content/uploads/sample_galleries/L-6142952057/5805005626.3fr
X2D 100C,https://www.dpreview.com/wp-content/uploads/sample_galleries/L-6142952057/9497226307.jpg,https://www.dpreview.com/wp-content/uploads/sample_galleries/L-6142952057/0461605618.3fr
X2D 100C,https://www.dpreview.com/wp-content/uploads/sample_galleries/L-6142952057/2701695764.jpg,https://www.dpreview.com/wp-content/uploads/sample_galleries/L-6142952057/8925806215.3fr
X2D 100C,https://www.dpreview.com/wp-content/uploads/sample_galleries/L-6142952057/9480254105.jpg,https://www.dpreview.com/wp-content/uploads/sample_galleries/L-6142952057/2007454227.3fr
X2D 100C,https://www.dpreview.com/wp-content/uploads/sample_galleries/L-6142952057/8199693081.jpg,https://www.dpreview.com/wp-content/uploads/sample_galleries/L-6142952057/9742542576.3fr
X2D 100C,https://www.dpreview.com/wp-content/uploads/sample_galleries/L-6142952057/3143180309.jpg,https://www.dpreview.com/wp-content/uploads/sample_galleries/L-6142952057/4772995033.3fr
X2D 100C,https://www.dpreview.com/wp-content/uploads/sample_galleries/L-6142952057/2715756058.jpg,https://www.dpreview.com/wp-content/uploads/sample_galleries/L-6142952057/5095423645.3fr
X2D 100C,https://www.dpreview.com/wp-content/uploads/sample_galleries/L-6142952057/2516452469.jpg,https://www.dpreview.com/wp-content/uploads/sample_galleries/L-6142952057/4386998851.3fr
X2D 100C,https://www.dpreview.com/wp-content/uploads/sample_galleries/L-6142952057/1536085912.jpg,https://www.dpreview.com/wp-content/uploads/sample_galleries/L-6142952057/8687410810.3fr
X2D 100C,https://www.dpreview.com/wp-content/uploads/sample_galleries/L-6142952057/0900019486.jpg,https://www.dpreview.com/wp-content/uploads/sample_galleries/L-6142952057/9794577564.3fr
